raw_content,dataset_name,document_name,content,answer,keywords
,金融网络安全知识手册.pdf...,中国货币政策执行报告.pdf,"中国货币政策执行报告
2023 年第三季度
中国人民银行货币政策分析小组
2023 年 11 月 27 日",,"['11', '报告', '第三季度', '27', '货币政策', '执行', '中国人民银行', '2023', '分析', '小组']"
,金融网络安全知识手册.pdf...,中国货币政策执行报告.pdf,"I
内容摘要
今年以来，在以习近平同志为核心的党中央坚强领导下，我国宏
观调控组合政策发力显效，经济运行持续好转，积极因素不断积累。
第三季度国内生产总值（GDP）同比增长 4.9%，两年平均增长 4.4%，
较二季度加快 1.1 个百分点，为实现全年发展目标打下坚实基础；前
三季度居民消费价格指数（CPI）同比上涨 0.4%，物价运行总体平稳",,"['4.9%', '发力', '同比', '内容摘要', '4.4%', 'CPI', '1.1', 'GDP', '显效', '0.4%']"
,金融网络安全知识手册.pdf...,中国货币政策执行报告.pdf,"
中国人民银行坚持以习近平新时代中国特色社会主义思想为指导，坚
决贯彻党中央、国务院的决策部署，稳健的货币政策精准有力，加强
逆周期调节，巩固经济回升向好态势。
一是保持货币信贷合理增长。9 月降准 0.25 个百分点,并综合运
用再贷款再贴现、中期借贷便利、公开市场操作等多种方式，保持流
动性合理充裕。引导金融机构保持信贷总量适度、节奏平稳，增强贷
款增长的稳定性和可持续性。二是推动实体经济融资成本稳中有降",,"['动性', '合理', '信贷', '精准', '稳中有降', '25', '保持', '降准', '习近平', '再贴现', '0.25']"
,金融网络安全知识手册.pdf...,中国货币政策执行报告.pdf,"二是推动实体经济融资成本稳中有降。
发挥政策利率引导作用，公开市场逆回购操作和中期借贷便利中标利
率 8 月再次下降，分别为 10 个和 15 个基点。持续发挥贷款市场报价
利率（LPR）改革效能和存款利率市场化调整机制作用，推动降低企
业贷款利率，稳定银行负债成本。调整优化住房信贷政策，降低房贷
利率下限和存量首套房贷利率。三是发挥结构性货币政策工具作用",,"['降低', '作用', '利率', 'LPR', '稳中有降', '贷款', '15', '发挥', '10', '成本']"
,金融网络安全知识手册.pdf...,中国货币政策执行报告.pdf,"三是发挥结构性货币政策工具作用。
增加支农支小再贷款额度支持抗灾减灾，加大力度支持科技型企业融
资，继续用好碳减排支持工具、支持煤炭清洁高效利用专项再贷款等
工具。四是兼顾内外均衡。深化汇率市场化改革，适时上调跨境融资
宏观审慎调节参数、下调外汇存款准备金率，发挥外汇自律机制作用，",,"['四是', '支持', '支农', '工具', '科技型', '减灾', '发挥', '支小再', '外汇', '抗灾']"
,金融网络安全知识手册.pdf...,中国货币政策执行报告.pdf,"II
强化预期引导，调节外汇市场供求，保持人民币汇率在合理均衡水平
上的基本稳定。五是防范化解金融风险。强化金融机构风险监测、预
警和早期纠正，加强对风险的及时处置和硬约束，守住不发生系统性
金融风险的底线。
总体看，今年以来货币政策精准施策、持续发力，为实体经济提
供了更有力的支持",,"['发力', '精准', '强化', '守住', '警和', '五是', '金融风险', '施策', '风险', 'II']"
,金融网络安全知识手册.pdf...,中国货币政策执行报告.pdf,"货币信贷保持合理增长，9 月末，人民币贷款余
额达 235 万亿元，广义货币（M2）、社会融资规模存量同比分别增
长 10.3%和 9.0%；1-9 月新增人民币贷款 19.75 万亿元，同比多增 1.58
万亿元。信贷结构持续优化，9 月末普惠小微贷款和制造业中长期贷
款余额同比分别增长 24.1%和 38.2%。社会融资成本明显下降，9 月
新发放企业贷款、个人住房贷款加权平均利率分别为 3.82%、4.02%，
较去年同期分别低 0.18 个、0.32 个百分点；存量房贷利率调整工作
基本完成，利率平均降幅 0.73 个百分点",,"['月末', '同比', '百分点', '额达', 'M2', '235', '分别', '贷款', '万亿元', '存量']"
,金融网络安全知识手册.pdf...,中国货币政策执行报告.pdf,"人民币对一篮子货币汇率
保持稳中有升，9 月末较 6 月末升值 2.9%，市场预期趋稳。
当前我国经济保持恢复向好态势，增长动能不断增强，转型升级
持续推进，同时也面临世界经济复苏不均衡，国内经济稳定回升基础
不稳固等挑战，但我国经济长期向好的基本面没有改变，发展的韧性、
潜力和活力不断彰显，要持续用力、乘势而上，扎实推动经济高质量
发展",,"['经济', '趋稳', '月末', '货币汇率', '2.9%', '我国', '保持', '乘势而上', '稳中有升', '持续']"
,金融网络安全知识手册.pdf...,中国货币政策执行报告.pdf,"下阶段，中国人民银行将坚持和加强党的全面领导，以习近平
新时代中国特色社会主义思想为指导，全面贯彻党的二十大精神，坚
决落实中央金融工作会议要求，完整、准确、全面贯彻新发展理念，
深刻把握金融工作的政治性、人民性，以推进金融高质量发展为主题，
以深化金融供给侧结构性改革为主线，坚持稳中求进工作总基调，完",,"['贯彻', '稳中求进', '工作', '习近平', '政治性', '金融', '人民性', '二十大', '坚持', '全面']"
,金融网络安全知识手册.pdf...,中国货币政策执行报告.pdf,"III
善金融宏观调控，加快建设金融强国，坚定不移走中国特色金融发展
之路。坚持把金融服务实体经济作为根本宗旨，建设现代中央银行制
度，始终保持货币政策的稳健性，加强优质金融服务，更好支持扩大
内需，促进稳外资稳外贸，为经济社会发展提供高质量服务。
稳健的货币政策要精准有力，更加注重做好跨周期和逆周期调节，
充实货币政策工具箱，着力营造良好的货币金融环境",,"['稳健性', '精准', '周期', '金融服务', 'III', '货币政策', '金融', '根本宗旨', '工具箱', '建设']"
,金融网络安全知识手册.pdf...,中国货币政策执行报告.pdf,"准确把握货币
信贷供需规律和新特点，加强货币供应总量和结构双重调节。综合运
用多种货币政策工具，保持流动性合理充裕，保持货币供应量和社会
融资规模增速同名义经济增速基本匹配。进一步疏通货币政策传导机
制，增强金融支持实体经济的稳定性，促进经济金融良性循环，保持
物价水平合理稳定",,"['经济', '合理', '保持', '增速', '货币政策', '货币', '金融', '疏通', '良性循环', '物价水平']"
,金融网络安全知识手册.pdf...,中国货币政策执行报告.pdf,"持续深化利率市场化改革，释放贷款市场报价利
率改革红利，有效发挥存款利率市场化调整机制作用，维护好存贷款
市场秩序，进一步推动金融机构降低实际贷款利率。结构性货币政策
工具“聚焦重点、合理适度、有进有退”，落实好调增的再贷款再贴
现额度，实施好存续工具，优化资金供给结构，把更多金融资源用于
促进科技创新、先进制造、绿色发展和中小微企业，做好科技金融、
绿色金融、普惠金融、养老金融、数字金融五篇大文章，加快培育新
动能新优势",,"['利率', '工具', '科技', '市场化', '五篇', '金融', '调整机制', '调增', '绿色', '贷款']"
,金融网络安全知识手册.pdf...,中国货币政策执行报告.pdf,"落实好房地产“金融 16 条”，加大对城中村改造、“平
急两用”公共基础设施建设、保障性住房建设等金融支持力度。坚持
以市场供求为基础、参考一篮子货币进行调节、有管理的浮动汇率制
度，立足长远、发轫当前，坚决对市场顺周期行为进行纠偏，坚决对
扰乱市场秩序行为进行处置，坚决防范汇率超调风险，防止形成单边
一致性预期并自我强化，保持人民币汇率在合理均衡水平上的基本稳",,"['超调', '坚决', '纠偏', '进行', '浮动汇率制', '金融', '汇率', '16', '建设', '行为']"
,金融网络安全知识手册.pdf...,中国货币政策执行报告.pdf,"IV
定。切实防范化解重点领域金融风险，指导金融机构积极稳妥支持地
方债务风险化解，守住不发生系统性金融风险的底线。",,"['化解', '系统性', '防范', 'IV', '守住', '金融风险', '稳妥', '底线', '金融机构', '切实']"
,金融网络安全知识手册.pdf...,中国货币政策执行报告.pdf,"V
目录
第一部分 货币信贷概况.......................1
一、银行体系流动性合理充裕....................................................................................1
二、金融机构贷款较快增长，贷款利率处于历史低位............................................2
三、货币供应量与社会融资规模较快增长................................................................7
四、人民币汇率在合理均衡水平上保持基本稳定....................................................8
第二部分 货",,"['合理', '................................................................', '部分', '....................................................................................', '货币', '....................................................', '............................................', '贷款', '.......................', '规模较']"
,金融网络安全知识手册.pdf...,中国货币政策执行报告.pdf,".................................8
第二部分 货币政策操作......................12
一、灵活开展公开市场操作......................................................................................12
二、开展中期借贷便利和常备借贷便利操作..........................................................15
三、下调金融机构存款准备金率..............................................................................15
四、继续完善宏观审慎制度和管理框架....................................",,"['开展', '..........................................................', '便利', '15', '12', '借贷', '.................................', '操作', '......................', '......................................................................................']"
,金融网络安全知识手册.pdf...,中国货币政策执行报告.pdf,"和管理框架..................................................................16
五、发挥货币政策的结构优化作用..........................................................................17
六、提升信贷政策的结构引导效能..........................................................................18
七、健全市场化利率形成和传导机制......................................................................20
八、深化人民币汇率市场化改革.......................................................",,"['.......................................................', '..........................................................................', '市场化', '......................................................................', '20', '结构', '16', '17', '..................................................................', '18']"
,金融网络安全知识手册.pdf...,中国货币政策执行报告.pdf,"........................................................................21
九、防范化解处置金融风险......................................................................................22
十、提升跨境贸易和投融资服务能力......................................................................23
第三部分 金融市场运行......................24
一、金融市场运行概况..............................................................................................24
二、金融市场制度建设...",,"['23', '金融市场', '21', '..............................................................................................', '........................................................................', '......................................................................', '22', '......................', '......................................................................................', '24']"
,金融网络安全知识手册.pdf...,中国货币政策执行报告.pdf,"....................24
二、金融市场制度建设..............................................................................................30
第四部分 宏观经济分析......................32
一、世界经济金融形势..............................................................................................32
二、中国宏观经济形势..............................................................................................36
第五部分 货币政策趋势......................43
一、中国宏观经济金",,"['30', '形势', '..............................................................................................', '32', '36', '......................', '宏观经济', '43', '....................', '24']"
,金融网络安全知识手册.pdf...,中国货币政策执行报告.pdf,"趋势......................43
一、中国宏观经济金融展望......................................................................................43
二、下一阶段货币政策主要思路..............................................................................44",,"['下一阶段', '..............................................................................', '展望', '货币政策', '思路', '......................', '宏观经济', '44', '43', '......................................................................................']"
,金融网络安全知识手册.pdf...,中国货币政策执行报告.pdf,"VI
专栏
专栏 1 提高利率政策协同性 支持经济回升向好..................................................5
专栏 2 盘活存量资金 提高资金使用效率..............................................................8
专栏 3 积极主动加强货币政策与财政政策协同..................................................13
专栏 4 持续强化金融赋能 助力民营经济恢复发展............................................19
表
表 1 2023 年前三季度人民币贷款结构......................................",,"['..................................................', 'VI', '13', '赋能', '..............................................................', '19', '协同', '专栏', '............................................', '2023']"
,金融网络安全知识手册.pdf...,中国货币政策执行报告.pdf,"贷款结构..................................................................3
表 2 2023 年前三季度分机构新增人民币贷款情况..............................................3
表 3 2023 年 9 月新发放贷款加权平均利率情况..................................................4
表 4 2023 年 1～9 月金融机构人民币贷款利率区间占比....................................4
表 5 2023 年 1～9 月大额美元存款与美元贷款平均利率....................................5
表 6 2023 年前三季度人民币存款",,"['..................................................', '利率', '....................................', '人民币', '年前', '..............................................', '..................................................................', '贷款', '存款', '2023']"
,金融网络安全知识手册.pdf...,中国货币政策执行报告.pdf,".................5
表 6 2023 年前三季度人民币存款结构情况..........................................................7
表 7 2023 年前三季度社会融资规模......................................................................8
表 8 2023 年第三季度银行间外汇即期市场人民币对各币种交易量................23
表 9 2023 年前三季度金融机构回购、同业拆借资金净融出、净融入情况....25
表 10 2023 年第三季度利率互换交易情况..........................................................26
表 11 2023",,"['..........................................................', '................', '第三季度', '年前', '......................................................................', '三季度', '情况', '.................', '2023', '各币种']"
,金融网络安全知识手册.pdf...,中国货币政策执行报告.pdf,"..................................26
表 11 2023 年前三季度各类债券发行情况..........................................................27
表 12 2023 年 9 月末主要保险资金运用余额及占比情况..................................29
表 13 主要发达经济体宏观经济金融指标...........................................................34
表 14 2023 年 1-9 月全国房屋新开工、施工、竣工面积情况 ..........................41
图
图 1 货币市场利率走势..................................................",,"['29', '13', '11', '..........................................................', '..................................', '27', '12', '情况', '2023', '26']"
,金融网络安全知识手册.pdf...,中国货币政策执行报告.pdf,"..........................................................................................2
图 2 广义货币（M2）和社会融资规模存量同比增速.........................................7
图 3 经常项目人民币收付金额按月情况.............................................................11
图 4 银行间市场国债收益率曲线变化情况.........................................................27",,"['.........................................', '11', '.............................................................', 'M2', '27', '收付', '..........................................................................................', '.........................................................', '情况', '存量']"
,金融网络安全知识手册.pdf...,中国货币政策执行报告.pdf,"1
第一部分 货币信贷概况
2023 年以来，人民银行以习近平新时代中国特色社会主义思想
为指导，全面贯彻党的二十大精神，认真落实中央经济工作会议和《政
府工作报告》部署，坚持稳字当头、稳中求进，稳健的货币政策精准
有力，加大逆周期调节力度，用好政策空间、找准发力方向，6 月以
来集中实施了一系列支持举措，与各部门形成合力，着力扩大内需、
提振信心、防范风险，为实体经济提供更有力的支持",,"['有力', '稳中求进', '发力', '支持', '提振', '习近平', '找准', '稳字', '二十大', '2023']"
,金融网络安全知识手册.pdf...,中国货币政策执行报告.pdf,"货币信贷和社
会融资规模合理增长，综合融资成本稳中有降，信贷结构不断优化，
人民币汇率在合理均衡水平上保持基本稳定，有力支持经济运行整体
回升向好。
一、银行体系流动性合理充裕
今年以来，人民银行综合运用降准、再贷款再贴现、中期借贷便
利（MLF）和公开市场操作等多种方式精准有力投放流动性，保持银
行体系流动性合理充裕，继续引导货币市场利率围绕央行公开市场逆
回购操作利率平稳运行，为推动金融支持实体经济高质量发展提供了
适宜的流动性环境",,"['公开市场', '合理', '有力', '充裕', 'MLF', '稳中有降', '降准', '流动性', '体系', '融资']"
,金融网络安全知识手册.pdf...,中国货币政策执行报告.pdf,"9 月 15 日实施年内第二次降准，释放长期流动
性超 5000 亿元。9 月末，金融机构超额准备金率为 1.4%，与上年同
期持平。",,"['1.4%', '月末', '准备金率', '性超', '上年', '持平', '降准', '15', '5000', '超额']"
,金融网络安全知识手册.pdf...,中国货币政策执行报告.pdf,"2
数据来源：中国货币网。
图 1 货币市场利率走势
二、金融机构贷款较快增长，贷款利率处于历史低位
信贷总量增长较快。2023 年前三季度，金融机构贷款同比多增较
多。9 月末，金融机构本外币贷款余额为 239.5 万亿元，同比增长 10.2%，
比年初增加 19.5 万亿元，同比多增 1.4 万亿元。人民币贷款余额为
234.6 万亿元，同比增长 10.9%，当前存量贷款大体为年度增量的十
倍，规模更为庞大，持续有力满足了实体经济融资需求",,"['增长', '10.2%', '同比', '239', '增较', '10', '239.5', '余额', '贷款', '金融机构', '2023', '万亿元']"
,金融网络安全知识手册.pdf...,中国货币政策执行报告.pdf,"个别月份的
增量易受基数、季节规律、季末考核等因素扰动，从累计增量角度看，
1-9 月新增贷款达 19.7 万亿元，较去年同期多增 1.6 万亿元，今年以
来金融支持实体经济力度不断加大。
信贷结构持续优化。9 月末，企（事）业单位中长期贷款比年初
增加 11.9 万亿元，在全部企业贷款中占比为 75.8%。制造业中长期贷
款余额同比增长 38.2%，比全部贷款增速高 27.3 个百分点",,"['38', '19', '11', '1.6', '75', '11.9', '38.2%', '增量', '19.7', '易受', '75.8%', '贷款', '多增', '万亿元']"
,金融网络安全知识手册.pdf...,中国货币政策执行报告.pdf,"普惠小微
0
1
2
3
4
2023.1 2023.2 2023.3 2023.4 2023.5 2023.6 2023.7 2023.8 2023.9
（%）
银行间市场存款类机构以利率债为质押的7天期回购加权平均利率（DR007）",,"['2023.1', '2023.4', '2023.8', '普惠小微', '2023.2', '2023.9', '2023.6', '2023.3', '2023.7', '2023', '2023.5']"
,金融网络安全知识手册.pdf...,中国货币政策执行报告.pdf,"3
贷款余额同比增长 24.1%，比全部贷款增速高 13.2 个百分点；普惠小
微授信户数 6107 万户，同比增长 13.3%。
表 1 2023 年前三季度人民币贷款结构
单位：亿元
9 月末余额 同比增速 当年新增额 同比多增额
人民币各项贷款 2345925 10.9% 197482 15788
住户贷款 796172 5.7% 38512 3499
企（事）业单位贷款 1531911 13.6% 156753 11994
非银行业金融机构贷款 5773 28.3% -47 -271
境外贷款 12068 36.3% 2264 566
注：企（事）业单位贷款是指非金融企业及机关团体贷款。
数据来源：中国人民银行",,"['13', '同比', '13.2', '新增额', '增速', '普惠小', '余额', '贷款', '单位', '24.1%', '机关团体', '24']"
,金融网络安全知识手册.pdf...,中国货币政策执行报告.pdf,"
数据来源：中国人民银行。
表 2 2023 年前三季度分机构新增人民币贷款情况
单位：亿元
当年新增额 同比多增额
中资大型银行① 113319 12537
中资中小型银行② 84305 387
小型农村金融机构③ 23017 1105
外资金融机构 108 272
注：①中资大型银行是指本外币资产总量大于等于2万亿元的银行（以2008
年末各金融机构本外币资产总额为参考标准）。②中资中小型银行是指本外币资
产总量小于2万亿元的银行(以2008年末各金融机构本外币资产总额为参考标准)。
③小型农村金融机构包括农村商业银行、农村合作银行、农村信用社",,"['参考', '农村', '中小型', '中资', '银行', '2008', '资产', '年末', '金融机构', '本外币']"
,金融网络安全知识手册.pdf...,中国货币政策执行报告.pdf,"
数据来源：中国人民银行。
贷款加权平均利率持续处于历史低位。利率市场化改革不断深化，
贷款市场报价利率（LPR）改革效能和存款利率市场化调整机制作用
有效发挥，实际贷款利率稳中有降。9 月，1 年期和 5 年期以上 LPR
分别为 3.45%和 4.20%，分别较上年 12 月下降 0.2 个和 0.1 个百分点。
9 月，新发放贷款加权平均利率为 4.14%，同比下降 0.2 个百分点",,"['利率', 'LPR', '市场化', '百分点', '45', '4.20%', '0.2', '3.45%', '年期', '贷款', '20', '加权']"
,金融网络安全知识手册.pdf...,中国货币政策执行报告.pdf,"
其中，一般贷款加权平均利率为 4.51%，同比下降 0.14 个百分点，企
业贷款加权平均利率为 3.82%，同比下降 0.18 个百分点，金融对实体
经济的支持力度持续提升。9 月一般贷款中利率高于 LPR 的贷款占比",,"['3.82%', '利率', 'LPR', '同比', '0.14', '百分点', '51', '4.51%', '82', '14', '贷款', '18', '0.18', '加权']"
,金融网络安全知识手册.pdf...,中国货币政策执行报告.pdf,"4
为 57.11%，利率等于 LPR 的贷款占比为 5.62%，利率低于 LPR 的贷
款占比为 37.37%。
表 3 2023 年 9 月新发放贷款加权平均利率情况
单位：%
9 月 比上年 12 月变化 同比变化
新发放贷款加权平均利率 4.14 0.00 -0.20
一般贷款加权平均利率 4.51 -0.06 -0.14
其中：企业贷款加权平均利率 3.82 -0.15 -0.18
票据融资加权平均利率 1.80 0.20 -0.12
个人住房贷款加权平均利率 4.02 -0.24 -0.32
数据来源：中国人民银行",,"['利率', 'LPR', '11', '贷款', '57', '57.11%', '5.62%', '发放贷款', '37', '62', '37.37%', '平均', '0.20', '20', '加权']"
,金融网络安全知识手册.pdf...,中国货币政策执行报告.pdf,"
表 4 2023 年 1～9 月金融机构人民币贷款利率区间占比
单位：%
月份 减点 LPR
加 点
小计 (LPR,
LPR+0.5%)
[LPR+0.5%,
LPR+1.5%)
[LPR+1.5%,
LPR+3%)
[LPR+3%,
LPR+5%)
LPR+5%
及以上
1 月 37.38 6.28 56.34 16.65 19.06 10.22 5.70 4.72
2 月 37.60 6.02 56.38 16.32 16.84 10.28 6.54 6.40
3 月 36.96 6.88 56.16 17.10 17.57 10.57 6.18 4.74
4 月 36.62 6.20 57.18 15.54 17.18 11.14 7.08 6.24
5 月 36.28 5.52 58.20 13.98 16.79 11.71 7.98 7.74
6 月 37.74 5.59 56.67 17.79 17.31 10.81 6.09 4.68
7 月 37.05 5.13 57.82 16.60 16.43 10.44 7.12 7.23
8 月 35.76 4.92 59.32 17.08 16.40 10.75 7.57 7.51
9 月 37.37 5.62 57.11 16.70 16.88 10.62 6.71 6.19
数据来源：中国人民银行。
外币存款利率和贷款利率均有所上升",,"['减点', '2023', '37.38', '38', '利率', 'LPR', '0.5%', '外币存款', '37', '3%', '5%', '1.5%']"
,金融网络安全知识手册.pdf...,中国货币政策执行报告.pdf,"
外币存款利率和贷款利率均有所上升。9 月，活期、3 个月以内
大额美元存款加权平均利率分别为 2.26%和 4.50%，分别较上年 12 月
上升 1.06 个和 0.84 个百分点；3 个月以内、3（含）～6 个月美元贷
款加权平均利率分别为 5.88%和 5.49%，分别较上年 12 月上升 0.85
个和 0.50 个百分点。",,"['以内', '利率', '上年', '百分点', '外币存款', '12', '上升', '分别', '2.26%', '26', '加权']"
,金融网络安全知识手册.pdf...,中国货币政策执行报告.pdf,"5
表 5 2023 年 1～9 月大额美元存款与美元贷款平均利率
单位：%
月份
大额美元存款 美元贷款
活期 3 个月
以内
3（含 3
个月）
~6 个月
6（含 6
个月）
~12 个月
1 年
1 年以
上
3 个月
以内
3（含 3
个月）~6
个月
6（含 6
个月）
~12 个月
1 年
1 年以
上
1 月 1.25 3.99 4.62 5.34 5.46 4.96 4.91 5.12 5.10 5.53 5.99 
2 月 1.42 4.18 5.10 5.51 5.50 5.44 5.08 5.23 5.39 5.46 5.58 
3 月 1.64 4.23 5.02 5.53 5.67 5.54 5.25 5.33 5.11 5.34 5.86 
4 月 1.76 4.50 5.29 5.49 4.9",,"['以内', '大额', '34', '53', '5.53', '美元', '12', '10', '5.10', '存款', '2023', '5.34', '5.46', '46']"
,金融网络安全知识手册.pdf...,中国货币政策执行报告.pdf,"5.33 5.11 5.34 5.86 
4 月 1.76 4.50 5.29 5.49 4.91 5.72 5.39 5.47 5.49 5.64 5.62 
5 月 1.78 4.63 4.65 5.68 5.63 5.64 5.55 5.46 5.52 5.39 5.98 
6 月 1.65 4.46 5.29 5.63 5.47 5.75 5.68 5.63 5.46 5.41 5.71 
7 月 2.13 4.44 5.12 5.50 5.52 5.28 5.68 5.66 5.59 5.31 5.65 
8 月 2.19 4.37 4.57 5.45 5.45 5.25 5.72 5.14 5.30 5.34 5.46 
9 月 2.26 4.50 5.20 5.34 5.58 5.39 5.88 5.49 5.45 5.42 6.34 
数据来源：中国人民银行",,"['39', '5.68', '72', '4.50', '63', '5.39', '5.46', '46', '29', '5.72', '34', '5.45', '5.63', '5.49', '5.29', '50', '68', '5.34', '49', '45']"
,金融网络安全知识手册.pdf...,中国货币政策执行报告.pdf,"
专栏 1 提高利率政策协同性 支持经济回升向好
2023 年以来，人民银行综合考虑经济金融运行特点，合理统筹政策出台时
机，实施了一系列利率政策，利率政策针对性和协同性明显增强。
推动融资成本稳中有降，激活生产消费信贷需求。今年以来，人民银行引导
公开市场操作逆回购和中期借贷便利中标利率分别累计下降 20 个和 25 个基点，
带动 1 年期贷款市场报价利率（LPR）和 5 年期以上 LPR 分别下降 20 个和 10 个
基点",,"['人民银行', '基点', 'LPR', '25', '协同', '10', '利率政策', '年期', '2023', '20']"
,金融网络安全知识手册.pdf...,中国货币政策执行报告.pdf,"同时，继续发挥存款利率市场化调整机制作用，引导主要银行下调 1 年期
及以上存款利率 10～25 个基点，缓解存款定期化长期化倾向，增强企业居民投
资消费动力，并为银行让利实体经济创造有利条件",,"['利率', '基点', '25', '长期化', '10', '调整机制', '让利', '银行', '存款', '有利条件']"
,金融网络安全知识手册.pdf...,中国货币政策执行报告.pdf,"
图：LPR 与企业贷款加权平均利率走势
3.4
3.9
4.4
4.9
5.4
2019-08
2019-10
2019-12
2020-02
2020-04
2020-06
2020-08
2020-10
2020-12
2021-02
2021-04
2021-06
2021-08
2021-10
2021-12
2022-02
2022-04
2022-06
2022-08
2022-10
2022-12
2023-02
2023-04
2023-06
2023-08
1年期贷款市场报价利率
5年期以上贷款市场报价利率
企业贷款加权平均利率
%
5年期以上LPR累计
下行0.65个百分点
企业贷款利率累计
下行约1.5个百分点",,"['06', '02', '12', '04', '2021', '10', '2020', '08', '2023', '2022']"
,金融网络安全知识手册.pdf...,中国货币政策执行报告.pdf,"6
适应房地产市场供求关系发生重大变化的新形势，调整优化房地产利率政策。
一是推动降低存量首套房贷利率。8 月 31 日，人民银行、金融监管总局发布《关
于降低存量首套房贷利率有关事项的通知》。二是按季动态调整首套房贷利率政
策，因城施策推动首套房贷利率进一步降低。三是调降二套房贷利率下限 40 个
基点，由 LPR+60 个基点降至 LPR+20 个基点",,"['房贷利率', '降低', '按季', '基点', 'LPR', '因城', '首套', '31', '施策', '存量']"
,金融网络安全知识手册.pdf...,中国货币政策执行报告.pdf,"通过上述措施减少借款人利息负
担，降低提前还贷动力，增加投资和消费，更好满足刚性和改善性住房需求，促
进房地产市场平稳健康发展。
一系列利率政策取得显著成效，利率传导效果明显增强。2023 年 9 月，新
发放企业贷款加权平均利率 3.82%，同比下降 0.18 个百分点，处于历史最低水
平。截至 9 月底，超过 22 万亿元存量房贷利率完成下调，调整后的加权平均利
率为 4.27%，平均降幅 73 个基点，每年减少借款人利息支出 1600-1700 亿元，惠
及约 5000 万户、1.5 亿人",,"['3.82%', '73', '4.27%', '27', '率为', '82', '22', '平均', '借款人', '2023', '18', '0.18', '加权']"
,金融网络安全知识手册.pdf...,中国货币政策执行报告.pdf,"同时，全国 343 个城市（地级及以上）中，119 个符
合放宽首套房贷利率政策下限条件的城市均已放宽下限，其中，95 个下调了首
套房贷利率下限，这些城市执行的下限较全国下限低 10-40 个基点；24 个取消了
下限。2023 年 9 月，新发放个人住房贷款加权平均利率 4.02%，同比下降 0.32 个
百分点。总的看，人民银行以我为主实施利率调控，发挥价格工具在金融资源配
置中的关键作用，提升货币政策传导效率，有效支持了实体经济稳定增长",,"['房贷利率', '119', '城市', '95', '10', '个符', '放宽', '40', '343', '下限']"
,金融网络安全知识手册.pdf...,中国货币政策执行报告.pdf,"
下一步，人民银行将按照党中央、国务院决策部署，继续实施稳健的货币政
策，持续发挥 LPR 改革效能和存款利率市场化调整机制作用，落实好已出台的
降低存量房贷利率等一系列政策，推动企业居民融资成本稳中有降，发挥好货币
政策促消费、稳投资、扩内需作用，推动经济持续回升向好。
存款增加较多。9 月末，金融机构本外币各项存款余额为 286.6
万亿元，同比增长 9.7%，比年初增加 22.1 万亿元，同比少增 5547 亿
元",,"['5547', 'LPR', '稳中有降', '发挥', '286.6', '286', '9.7%', '22', '少增', '存款', '22.1', '万亿元']"
,金融网络安全知识手册.pdf...,中国货币政策执行报告.pdf,"人民币各项存款余额为 281.0 万亿元，同比增长 10.2%，比年初
增加 22.5 万亿元，同比少增 2737 亿元。外币存款余额为 7789 亿美
元。",,"['281', '10.2%', '2737', '外币存款', '281.0', '7789', '10', '余额', '22', '少增', '22.5', '万亿元', '亿美']"
,金融网络安全知识手册.pdf...,中国货币政策执行报告.pdf,"7
表 6 2023 年前三季度人民币存款结构情况
单位：亿元
9 月末余额 同比增速 当年新增额 同比多增额
人民币各项存款 2810037 10.2% 224830 -2737
住户存款 1347449 16.5% 144209 12094
非金融企业存款 790706 4.6% 45185 -14448
机关团体存款 355732 7.2% 25307 4854
财政性存款 56751 6.8% 6738 4185
非银行业金融机构存款 239816 2.2% 958 -9430
境外存款 19584 10.3% 2433 8
数据来源：中国人民银行。
三、货币供应量与社会融资规模较快增长
货币总量较快增长。9 月末，广义货币供应量（M2）余额为 289.7
万亿元，同比增长 10.3%",,"['月末', '增长', '供应量', '同比', '新增额', '10.3%', '10', '货币', '余额', '存款', '机关团体']"
,金融网络安全知识手册.pdf...,中国货币政策执行报告.pdf,"狭义货币供应量（M1）余额为 67.8 万亿
元，同比增长 2.1%。流通中货币（M0）余额为 10.9 万亿元，同比增
长 10.7%。前三季度现金净投放 4623 亿元。
数据来源：中国人民银行。
图 2 广义货币（M2）和社会融资规模存量同比增速
初步统计，9 月末社会融资规模存量为 372.5 万亿元，同比增长
9%。前三季度社会融资规模增量累计为 29.3 万亿元，比上年同期多
1.4 万亿元。主要有以下特点：一是人民币贷款同比多增较多",,"['M1', '67', '同比', '货币', '67.8', '社会', '余额', '融资', '规模', '万亿元', '存量']"
,金融网络安全知识手册.pdf...,中国货币政策执行报告.pdf,"主要有以下特点：一是人民币贷款同比多增较多。前三
季度金融机构对实体经济发放的人民币贷款增加 19.5 万亿元，比上
6
7
8
9
10
11
12
13
14
2018-12
2019-03
2019-06
2019-09
2019-12
2020-03
2020-06
2020-09
2020-12
2021-03
2021-06
2021-09
2021-12
2022-03
2022-06
2022-09
2022-12
2023-03
2023-06
2023-09
M2同比增速 社会融资规模同比增速
%",,"['03', '06', '09', '2019', '同比', '12', '2021', '2020', '2023', '2022']"
,金融网络安全知识手册.pdf...,中国货币政策执行报告.pdf,"8
年同期多增 1.5 万亿元，占同期社会融资规模增量的 66.6%。二是政
府债券融资增加较多，前三季度政府债券净融资 6.0 万亿元，企业债
券融资和非金融企业境内股票融资分别为 1.6 万亿元、6744 亿元。三
是表外融资有所恢复。前三季度委托贷款、信托贷款及未贴现的银行
承兑汇票合计同比多增 6500 多亿元。四是贷款核销力度较大。前三
季度贷款核销 7451 亿元",,"['1.5', '66', '1.6', '6.0', '同期', '核销', '66.6%', '贷款', '多增', '万亿元', '融资']"
,金融网络安全知识手册.pdf...,中国货币政策执行报告.pdf,"
表 7 2023 年前三季度社会融资规模
2023 年 9 月末 2023 年前三季度
存量
（万亿元）
同比增速
（%）
增量
（亿元）
同比增减
（亿元）
社会融资规模 372.50 9.0 293298 14070
其中：人民币贷款 232.78 10.7 195192 15455
外币贷款（折合人民币） 1.76 -19.3 -1365 852
委托贷款 11.36 1.3 1057 -2241
信托贷款 3.81 -1.4 639 5453
未贴现的银行承兑汇票 2.91 -0.3 2417 3309
企业债券 31.39 -0.3 16250 -6128
政府债券 66.14 12.2 59571 462
非金融企业境内股票融资 1",,"['372.50', '0.3', '14070', '232', '年前', '50', '372', '9.0', '293298', '贷款', '78', '2023', '232.78', '融资']"
,金融网络安全知识手册.pdf...,中国货币政策执行报告.pdf,"14 12.2 59571 462
非金融企业境内股票融资 11.31 9.4 6744 -1994
其他融资 10.82 5.9 4085 -2447
其中：存款类金融机构资产支持证券 1.77 -12.9 -2115 -770
贷款核销 8.26 13.6 7451 -775
注：①社会融资规模存量是指一定时期末实体经济从金融体系获得的资金余
额",,"['9.4', '462', '11', '1994', '6744', '59571', '12', '12.2', '11.31', '10', '31', '82', '10.82', '14', '融资']"
,金融网络安全知识手册.pdf...,中国货币政策执行报告.pdf,"社会融资规模增量是指一定时期内实体经济从金融体系获得的资金额。②自
2023 年 1 月起，人民银行将消费金融公司、理财公司和金融资产投资公司等三
类银行业非存款类金融机构纳入金融统计范围。由此，对社会融资规模中“实体
经济发放的人民币贷款”和“贷款核销”数据进行调整。③表中同比数据按可比
口径计算。
数据来源：中国人民银行、国家金融监督管理总局、中国证券监督管理委员
会、中央国债登记结算有限责任公司、银行间市场交易商协会等部门",,"['实体', '表中', '数据', '核销', '金融', '融资', '贷款', '公司', '2023', '监督管理']"
,金融网络安全知识手册.pdf...,中国货币政策执行报告.pdf,"
专栏 2 盘活存量资金 提高资金使用效率
2023 年中央金融工作会议提出了“盘活被低效占用的金融资源，提高资金
使用效率”的明确要求，对于做好当前和今后一个时期货币信贷工作、推动金融
高质量发展具有重要意义。要深入理解盘活存量资金的内涵和作用，科学看待信",,"['盘活', '低效', '专栏', '资金', '金融', '明确要求', '提高', '2023', '效率', '存量']"
,金融网络安全知识手册.pdf...,中国货币政策执行报告.pdf,"9
贷总量和信贷结构的变化。
一、存量资金流通循环是支持实体经济的重要方式
近年来，经济结构转型、金融回归本源等对融资增长和融资结构带来深刻变
化。较之其他融资方式，我国贷款增速一直稳定保持在两位数以上的较高水平（见
图 1），保持了金融对实体经济支持力度的稳固。
图 1：我国贷款保持平稳增长 图 2：房地产贷款占新增贷款占比
但也要看到，不仅增量信贷能支持实体经济，盘活低效存量贷款也有助于经
济增长",,"['实体', '经济', '支持', '增长', '信贷', '保持', '结构', '贷款', '融资', '存量']"
,金融网络安全知识手册.pdf...,中国货币政策执行报告.pdf,"目前，我国人民币贷款余额超过 230 万亿元，每年新增 20 万亿元左右。
资金存量远大于每年的增量，并且存量贷款形成的企业资产、派生的货币资金，
仍持续在经济循环中发挥作用。盘活低效占用的金融资源，提高资金的使用效率，
虽然不会体现为贷款增量，但同样能为经济高质量发展注入新动力。
二、盘活存量资金、提高使用效率要求信贷结构有增有减
从“增”的一面看，要持续加强对重大战略、重点领域和薄弱环节的优质金
融服务，优化资金供给结构",,"['盘活', '增有', '增量', '20', '资金', '贷款', '230', '效率', '万亿元', '存量']"
,金融网络安全知识手册.pdf...,中国货币政策执行报告.pdf,"近年来，人民银行注重发挥货币政策工具的总量和
结构双重功能，激励引导金融机构把更多金融资源投向科技创新、制造业、绿色
发展、普惠小微等重点领域。2023 年 9 月末，“专精特新”企业贷款余额同比增
长 18.6%，制造业中长期贷款余额同比增长 38.2%，绿色贷款余额同比增长 36.8%，
普惠小微贷款余额同比增长 24.1%，均明显快于全部贷款增速。
从“减”的一面看，在经济结构转型升级过程中，不同成分之间自然会有所
更替，相关信贷需求也随之改变和调整",,"['特新', '增长', '同比', '普惠小微', '18.6%', '余额', '制造业', '绿色', '贷款', '2023', '18']"
,金融网络安全知识手册.pdf...,中国货币政策执行报告.pdf,"一是我国房地产市场供求关系发生重大
变化。2018 年之前新增房地产贷款一度占到全部贷款增量的四成，随着住房需
求中枢水平的深刻变化，相应房地产贷款需求趋降，这一比重自然也会随之下降
（见图 2）。二是防范化解地方债务风险",,"['变化', '四成', '中枢', '化解', '趋降', '见图', '供求关系', '房地产', '贷款', '2018']"
,金融网络安全知识手册.pdf...,中国货币政策执行报告.pdf,"二是防范化解地方债务风险。我国政府的整体债务水平在国际上处
-40
-20
0
20
40
0
4
8
12
16
20
2018-01
2018-05
2018-09
2019-01
2019-05
2019-09
2020-01
2020-05
2020-09
2021-01
2021-05
2021-09
2022-01
2022-05
2022-09
2023-01
2023-05
2023-09
% 社融增速 %
贷款增速
-40
-20
0
20
40
0
10
20
30
40
50
2010
年
2011
年
2012
年
2013
年
2014
年
2015
年
2016
年
2017
年
2018
年
2019
年
2020
年
2021
年
2022
年
2023
年1-9月
% %
房地产贷款占新增贷款比
重商品房销售额同比（右
轴）",,"['09', '2019', '01', '2022', '2021', '40', '2020', '05', '20', '2018']"
,金融网络安全知识手册.pdf...,中国货币政策执行报告.pdf,"10
于中游偏下水平，随着金融部门积极支持化解地方债务风险，分类施策化解存量
债务、严控增量债务，部分地方融资平台贷款会被逐步偿还。三是进一步提高金
融资源配置效率。经过多年投资建设，我国在基础设施等领域形成一大批存量资
产，在盘活存量资产、优化资产结构的过程中，也将减少一些被低效占用的存量
信贷。四是融资结构优化。随着资本市场稳步发展，直接融资占比上升，也会对
贷款融资产生良性的替代效应",,"['化解', '四是', '优化', '偏下', '10', '施策', '贷款', '融资', '债务', '存量']"
,金融网络安全知识手册.pdf...,中国货币政策执行报告.pdf,"此外，银行业要把握好信贷增长和净息差收窄之
间的平衡，亦需寻求新的信贷合理增长水平。
三、与经济金融结构深刻演变相适应，分析信贷增长也要有多元视角，科学
看待、有取有舍
从“取”的一面看，在新发展阶段分析金融总量指标要有更多元视角。在推
动金融高质量发展过程中，不仅要看信贷总量增长，更要看科技创新、先进制造、
绿色发展、中小微企业等重点领域的合理融资需求是否得到充分满足，评估增量
和存量贷款支持经济增长的整体效能",,"['多元', '增长', '信贷', '收窄', '总量', '金融', '亦需', '有取', '有舍', '视角']"
,金融网络安全知识手册.pdf...,中国货币政策执行报告.pdf,"总体上，盘活存量贷款、优化新增贷款投
向对支撑经济增长同等重要。此外，也可以更多关注涵盖更全面的社会融资规模，
或者拉长时间观察累计增量、余额增速等变化。
从“舍”的一面看，衡量信贷支持实体经济的成效，不宜过于关注新增贷款
情况",,"['盘活', '同等', '关注', '新增', '增量', '拉长', '涵盖', '贷款', '成效', '存量']"
,金融网络安全知识手册.pdf...,中国货币政策执行报告.pdf,"我国经济已由高速增长阶段转入高质量发展阶段，信贷增速本身需要适配
经济增长逐步提质换档，加上信贷结构中“增”的一面和“减”的一面在时间上
可能不同步，有时会导致短期信贷增长出现一些波动，要避免对单月增量等高频
数据的过度解读。
下一步，要深入贯彻中央金融工作会议精神，按照党中央、国务院决策部署，
实施好稳健的货币政策，准确把握货币信贷供需规律和新特点，推动货币信贷和
社会融资规模实现质的有效提升和量的合理增长",,"['提质', '增长', '信贷', '和量', '适配', '货币', '短期信贷', '一面', '换档', '阶段']"
,金融网络安全知识手册.pdf...,中国货币政策执行报告.pdf,"
四、人民币汇率在合理均衡水平上保持基本稳定
2023 年以来，跨境资本流动平稳有序，外汇市场供求基本平衡，
人民币汇率预期总体稳定。国际形势复杂严峻，主要发达经济体利率
维持高位，美债收益率一度升破 5%，人民币汇率双向波动，发挥了
宏观经济和国际收支自动稳定器功能，总体在合理均衡水平上保持基",,"['5%', '合理', '人民币', '均衡', '升破', '稳定', '美债', '汇率', '2023', '总体']"
,金融网络安全知识手册.pdf...,中国货币政策执行报告.pdf,"11
本稳定。前三季度，人民币汇率以市场供求为基础，对一篮子货币汇
率基本稳定并略有升值。9 月末，中国外汇交易中心（CFETS）人民
币汇率指数报 99.55，较 6 月末升值 2.9%，较上年末升值 0.9%。2005
年人民币汇率形成机制改革以来至 2023 年 9 月末，国际清算银行测
算的人民币名义和实际有效汇率分别升值 41.3%和 37.7%。9 月末，
人民币对美元汇率中间价为 7.1798 元，较 6 月末升值 0.6%，较上年
末贬值 3%，2005 年人民币汇率形成机制改革以来累计升值 15.3%。
前三季度，人民币对美元汇率年化波动率为 5.1%",,"['月末', '11', '55', '人民币', '99.55', '汇率', '美元汇率', '2005', '机制', '99', 'CFETS', '升值']"
,金融网络安全知识手册.pdf...,中国货币政策执行报告.pdf,"
前三季度，人民币对美元汇率年化波动率为 5.1%。
跨境人民币业务保持增长，收支基本平衡。前三季度，跨境人民
币收付金额合计 38.9 万亿元，同比增长 24%。经常项目下跨境人民
币收付金额合计 10.2 万亿元，同比增长 35%，其中，货物贸易收付
金额 7.7 万亿元，服务贸易及其他经常项下收付金额 2.4 万亿元。前
三季度货物贸易项下人民币跨境收付金额占同期货物贸易项下本外
币跨境收付比重为 24%。
数据来源：中国人民银行",,"['增长', '人民币', '24%', '收付', '跨境', '货物贸易', '金额', '三季度', '合计', '万亿元']"
,金融网络安全知识手册.pdf...,中国货币政策执行报告.pdf,"
数据来源：中国人民银行。
图 3 经常项目人民币收付金额按月情况
0
2000
4000
6000
8000
10000
12000
14000
16000
2012.12
2013.03
2013.06
2013.09
2013.12
2014.03
2014.06
2014.09
2014.12
2015.03
2015.06
2015.09
2015.12
2016.03
2016.06
2016.09
2016.12
2017.03
2017.06
2017.09
2017.12
2018.03
2018.06
2018.09
2018.12
2019.03
2019.06
2019.09
2019.12
2020.03
2020.06
2020.09
2020.12
2021.03
2021.06
2021.09
2021.12
2022.03
2022.06
2022.09
2022.12
2023.03
2023.06
2023.09
亿元 服务贸易及其他 货物贸易",,"['03', '4000', '12000', '8000', '6000', '12', '16000', '2012.12', '2012', '2013.03', '10000', '2013', '2000', '14000']"
,金融网络安全知识手册.pdf...,中国货币政策执行报告.pdf,"12
第二部分 货币政策操作
2023 年第三季度，人民银行坚决贯彻党中央、国务院决策部署，
坚持稳中求进的工作总基调，稳健的货币政策精准有力，加大逆周期
调节力度，保持流动性合理充裕，增强信贷总量增长的稳定性和可持
续性；发挥政策利率引导作用，推动企业融资和居民信贷成本稳中有
降；用好货币信贷工具优化贷款投向，引导金融机构继续加大对普惠
金融、科技创新、绿色发展等重点领域和薄弱环节的支持；兼顾内外
均衡，积极应对人民币汇率贬值",,"['加大', '可持', '稳中求进', '信贷', '稳中有', '续性', '12', '货币政策', '2023', '引导']"
,金融网络安全知识手册.pdf...,中国货币政策执行报告.pdf,"；兼顾内外
均衡，积极应对人民币汇率贬值压力，为经济持续回升向好创造良好
的货币金融环境",,"['兼顾', '应对', '人民币', '均衡', '贬值', '创造', '良好', '汇率', '回升', '内外']"
,金融网络安全知识手册.pdf...,中国货币政策执行报告.pdf,"
一、灵活开展公开市场操作
灵活有力开展公开市场操作。第三季度，人民银行密切关注宏观
经济金融运行情况，不断加强银行体系流动性形势分析和市场监测，
前瞻灵活开展公开市场逆回购操作，及时对冲政府债券发行、缴税、
缴准、季末考核等因素对流动性供求的影响，保持银行体系流动性合
理充裕",,"['缴税', '公开市场', '开展', '流动性', '前瞻', '缴准', '操作', '银行', '体系', '灵活']"
,金融网络安全知识手册.pdf...,中国货币政策执行报告.pdf,"9 月下旬，考虑到金融机构跨季资金需求较为旺盛，加之中
秋国庆假期较长，人民银行及时启动 14 天期逆回购操作，提前投放
跨季资金，有效稳定市场预期，并结合一级交易商需求加大公开市场
操作力度。9 月 15 日至 28 日累计投放跨季资金约 2.45 万亿元，保障
季末流动性供应充足、市场机构平稳跨季。
逆回购操作中标利率再次下行",,"['28', '15', '资金', '天期', '投放', '跨季', '操作', '2.45', '14', '回购', '45']"
,金融网络安全知识手册.pdf...,中国货币政策执行报告.pdf,"
逆回购操作中标利率再次下行。8 月 15 日，公开市场 7 天期逆
回购操作中标利率下行 10 个基点至 1.80%，继 6 月下行 10 个基点后
再一次下降，明确释放了加强逆周期调节的政策信号，有利于稳定市",,"['基点', '1.80%', '利率', '80', '中标', '15', '10', '天期', '操作', '下行', '回购']"
,金融网络安全知识手册.pdf...,中国货币政策执行报告.pdf,"13
场预期，提振市场信心。第三季度，货币市场利率围绕央行公开市场
逆回购操作利率运行，季末市场利率保持平稳。
此外，第三季度人民银行继续每月开展央行票据互换（CBS）操
作，助力提升银行永续债的二级市场流动性。同时，在香港增发人民
币央行票据，更好调节离岸人民币市场供求，满足全球投资者需求。
9 月末，香港人民币央行票据余额为 1000 亿元，较 6 月末上升 200 亿
元，对于促进离岸人民币货币市场和债券市场健康发展发挥了积极作
用",,"['离岸', '13', '月末', '利率', '人民币', '提振', '第三季度', '市场', '票据', '央行']"
,金融网络安全知识手册.pdf...,中国货币政策执行报告.pdf,"
专栏 3 积极主动加强货币政策与财政政策协同
党的二十大报告强调，“加强财政政策和货币政策协调配合”。财政政策与货
币政策是宏观经济治理体系中的两大重要支柱，也是支持扩大内需、促进经济高
质量发展的两大重要手段。总量上，积极的财政政策能发挥乘数效应扩大总需求，
稳健的货币政策可通过货币信贷、利率等政策作用于经济，二者协同发力相辅相
成创造宏观政策空间，营造良好的货币金融环境，做好跨周期和逆周期调节，共
同助力经济运行在合理区间",,"['发力', '周期', '协同', '财政政策', '货币政策', '货币', '两大', '二十大', '加强', '相辅']"
,金融网络安全知识手册.pdf...,中国货币政策执行报告.pdf,"结构上，财政政策注重发挥再分配功能和“四两拨
千斤”的撬动作用，强化公共服务保障，体现对重点领域的有力支持。在各级财
力未能完全顾及、社会资金进入意愿不足而又亟需加强资金支持的重点领域和薄
弱环节，货币政策主动补位，通过发挥激励引导作用，能够鼓励更多金融资源提
供融资支持，银行信贷结构也进一步优化，体现出相应的结构调节效应",,"['支持', '领域', '体现', '重点', '发挥', '结构', '撬动', '亟需', '四两', '补位']"
,金融网络安全知识手册.pdf...,中国货币政策执行报告.pdf,"近年来，
按照党中央、国务院决策部署，人民银行积极主动加强货币政策与财政政策的协
同，共同支持稳增长、调结构，合力推动经济高质量发展。
一是熨平日常财政收支的影响。人民银行依法经理国库，负债端设有存放政
府存款的专门账户，发生财政收支活动时，政府存款账户与金融机构存款账户之
间会发生资金往来，影响银行的超额准备金余额，即通常所说的“银行体系流动
性”",,"['人民银行', '间会', '财政收支', '熨平', '积极主动', '银行', '高质量', '发生', '存款', '账户']"
,金融网络安全知识手册.pdf...,中国货币政策执行报告.pdf,"人民银行持续加强日常的流动性管理，做好对财政收支变化的跟踪预判，
灵活运用公开市场逆回购等工具进行对冲，在有效配合财政政策实施的同时，保",,"['人民银行', '公开市场', '预判', '日常', '财政收支', '财政政策', '对冲', '灵活运用', '跟踪', '回购']"
,金融网络安全知识手册.pdf...,中国货币政策执行报告.pdf,"14
持了流动性的合理充裕，今年以来，货币市场利率围绕公开市场操作利率平稳运
行，时点波动性总体有所降低。
二是支持政府债券集中发行。下半年以来，地方政府债券发行节奏加快，四
季度又增发 1 万亿元国债，有利于做好跨周期调节和支持风险化解，稳住经济大
盘。拉长时间看，财政发债募资后又拨付使用，对流动性总量影响相对中性",,"['政府', '支持', '利率', '拨付', '流动性', '拉长', '募资后', '14', '债券', '发行']"
,金融网络安全知识手册.pdf...,中国货币政策执行报告.pdf,"实
践中，由于从发债到支出存在一定时间差，认购政府债券的银行与接收财政支出
的银行也往往不同，政府债券的集中大量供给仍需央行做好流动性安排。人民银
行一方面前瞻性通过降准、中期借贷便利、公开市场操作等多种渠道加大流动性
供应，为金融机构认购政府债券提供适宜的流动性环境，平滑可能的短期冲击；
另一方面在货币政策操作中广泛使用国债、地方债作为质押品，配合财政部积极
开展国债做市支持操作，提升政府债券二级市场流动性，不断增强投资吸引力",,"['做市', '政府', '时间差', '降准', '流动性', '操作', '践中', '国债', '债券', '认购']"
,金融网络安全知识手册.pdf...,中国货币政策执行报告.pdf,"
2019 年末至 2023 年 9 月末，国债、地方政府债余额分别增加 11.9 万亿元和 17.5
万亿元；同期 10 年期国债收益率累计下行 0.46 个百分点。
三是协同促进经济结构调整优化。货币政策通过建立健全激励机制，可有效
引导银行优化信贷结构，进一步增加对重大战略、重点领域和薄弱环节的资金供
给，与财政政策协同推进经济结构调整。近两年，二者进一步加强协调配合，取
得了“1+1>2”的效果",,"['优化', '结构调整', '11', '2019', '协同', '11.9', '17.5', '10', '17', '国债', '2023', '万亿元']"
,金融网络安全知识手册.pdf...,中国货币政策执行报告.pdf,"2022 年下半年，国内经济面临较大“三重压力”，亟需
基础设施投资发挥稳经济“压舱石”的作用，人民银行、发改委、财政部等部门
分工合作，支持设立两批次政策性开发性金融工具共 7399 亿元，信贷、财政资
金联动，更好促进投资效率和社会效益的平衡。人民银行系统还与各级财政部门
密切配合，完善财政贴息、政府奖补、融资担保等配套机制，为信贷可持续投放
技术改造、支农支小、绿色发展等重点领域和薄弱环节提供有效保障",,"['人民银行', '支小', '信贷', '支农', '财政', '政府奖', '压舱', '7399', '开发性', '2022']"
,金融网络安全知识手册.pdf...,中国货币政策执行报告.pdf,"
总体看，人民银行上述举措有力支持了积极财政政策的实施。从国际比较看，
虽然美国、日本央行购买国债，但其商业银行持有的国债比重相对较低。在人民
银行的资金支持下，我国商业银行持有的国债占比达 64%，远高于美国和日本的
不足 7%",,"['人民银行', '64%', '支持', '7%', '商业银行', '持有', '国债', '比达', '日本央行', '远高于']"
,金融网络安全知识手册.pdf...,中国货币政策执行报告.pdf,"下阶段，结合政府债券增发的形势需要，人民银行将进一步加强与财
政政策的协调配合，加快债券市场建设，优化国债持有结构，推动银行发展政府
债券柜台销售和交易，便利更多企业和居民持有国债，实现国债投资主体多元化，
既有效保障政府债券顺利发行，又加快促进直接融资发展。",,"['人民银行', '政府', '便利', '持有', '债券市场', '加快', '国债', '债券', '柜台', '多元化']"
,金融网络安全知识手册.pdf...,中国货币政策执行报告.pdf,"15
二、开展中期借贷便利和常备借贷便利操作
中期借贷便利（MLF）操作充分满足市场需求。保障中长期流动
性合理供给，发挥中期政策利率信号作用和利率引导功能。前三季度，
累计开展中期借贷便利操作 33860 亿元，期限均为 1 年，1-5 月利率
为 2.75%，6-7 月为 2.65%，8-9 月为 2.50%，其中第三季度开展操作
10950 亿元。9 月末，中期借贷便利余额为 53860 亿元，比年初增加
8360 亿元。
开展常备借贷便利（SLF）操作",,"['开展', '中期', 'MLF', '月利率', '便利', '15', '常备', '借贷', '操作', '亿元']"
,金融网络安全知识手册.pdf...,中国货币政策执行报告.pdf,"
开展常备借贷便利（SLF）操作。对地方法人金融机构按需足额
提供短期流动性支持，稳定市场预期，增强银行体系流动性的稳定性。
前三季度，累计开展 SLF 操作 189 亿元，其中第三季度开展操作 69
亿元。9 月末余额为 60 亿元。发挥 SLF 利率作为利率走廊上限的作
用，促进货币市场平稳运行。6 月、8 月各期限 SLF 利率分别下调 0.1
个百分点。9 月末，隔夜、7 天、1 个月 SLF 利率分别为 2.65%、2.80%、
3.15%。
三、下调金融机构存款准备金率
实施降准提供长期流动性，促进降低综合融资成本",,"['开展', '月末', '利率', '流动性', '操作', 'SLF', '189', '亿元', '金融机构', '下调']"
,金融网络安全知识手册.pdf...,中国货币政策执行报告.pdf,"9 月 15 日，
全面下调金融机构人民币存款准备金率 0.25 个百分点（不含已执行
5%存款准备金率的金融机构），释放长期流动性超过 5000 亿元。年
内两度降准接力强化政策支持效应，进一步巩固实体经济回升向好态
势。降准后，金融机构加权平均存款准备金率为 7.4%。
下调金融机构外汇存款准备金率，加强金融机构外汇流动性管理。
自 2023 年 9 月 15 日起，下调金融机构外汇存款准备金率 2 个百分",,"['5%', '准备金率', '25', '降准', '流动性', '15', '外汇', '0.25', '存款', '金融机构', '下调']"
,金融网络安全知识手册.pdf...,中国货币政策执行报告.pdf,"16
点，由 6%下调至 4%，增加外汇资金供给，提升金融机构外汇资金运
用能力，促进外汇市场平稳运行。
四、继续完善宏观审慎制度和管理框架
发挥好宏观审慎评估（MPA）在优化信贷结构和促进金融供给侧
结构性改革中的作用。第三季度，进一步优化 MPA 考核框架，引导
金融机构适当平滑信贷波动，保持信贷总量适度、节奏平稳，加大对
普惠小微贷款尤其是普惠小微信用贷款、制造业中长期融资的支持力
度。
完善系统重要性金融机构监管框架",,"['宏观', 'MPA', '优化', '信贷', '供给', '外汇资金', '审慎', '普惠小微', '框架', '金融机构']"
,金融网络安全知识手册.pdf...,中国货币政策执行报告.pdf,"
完善系统重要性金融机构监管框架。9 月 22 日，人民银行、金
融监管总局发布 2023 年我国系统重要性银行名单。基于 2022 年数据
评估认定的国内系统重要性银行共 20 家，较去年新增 1 家，包括 6
家国有商业银行、9 家股份制商业银行和 5 家城市商业银行",,"['监管', '人民银行', '系统', '商业银行', '重要性', '银行', '22', '2023', '20', '2022']"
,金融网络安全知识手册.pdf...,中国货币政策执行报告.pdf,"按系统
重要性得分从低到高分为五组：第一组 10 家，包括中国光大银行、
中国民生银行、平安银行、华夏银行、宁波银行、江苏银行、广发银
行、上海银行、南京银行、北京银行；第二组 3 家，包括中信银行、
浦发银行、中国邮政储蓄银行；第三组 3 家，包括交通银行、招商银
行、兴业银行；第四组 4 家，包括中国工商银行、中国银行、中国建
设银行、中国农业银行；第五组暂无银行进入。其中南京银行今年首
次入选，其余银行组别未发生变化。
调整跨境融资宏观审慎调节参数",,"['第四组', '10', '第一组', '银行', '第三组', '南京', '组别', '第五组', '包括', '五组']"
,金融网络安全知识手册.pdf...,中国货币政策执行报告.pdf,"
调整跨境融资宏观审慎调节参数。7 月 20 日，为进一步完善全
口径跨境融资宏观审慎管理，继续增加企业和金融机构跨境资金来源，",,"['宏观', '资金来源', '参数', '审慎', '调节', '跨境', '口径', '金融机构', '融资', '20']"
,金融网络安全知识手册.pdf...,中国货币政策执行报告.pdf,"17
引导其优化资产负债结构，人民银行、外汇局决定将企业和金融机构
的跨境融资宏观审慎调节参数从 1.25 上调至 1.5。
五、发挥货币政策的结构优化作用
积极运用支农支小再贷款、再贴现、抵押补充贷款等工具。运用
支农支小再贷款引导地方法人金融机构扩大对乡村振兴的信贷投放，
扶贫再贷款按照现行规定进行展期，支持巩固脱贫攻坚成果",,"['1.5', '优化', '支农', '25', '1.25', '支小再', '17', '贷款', '金融机构', '引导', '运用']"
,金融网络安全知识手册.pdf...,中国货币政策执行报告.pdf,"促进区
域协调发展，继续引导 10 个省份地方法人金融机构运用好再贷款等
工具增加对区域内涉农、小微和民营企业等经济发展薄弱环节的信贷
投放。8 月 16 日，增加支农支小再贷款 350 亿元，支持部分受灾省
市做好洪涝灾害抢险救灾及灾后重建。9 月末，全国支农再贷款余额
为 5991 亿元，支小再贷款余额为 15655 亿元，扶贫再贷款余额为 1304
亿元，再贴现余额为 5289 亿元，抵押补充贷款余额为 29022 亿元。
实施好存续的结构性工具，到期工具继续发挥政策效果",,"['小微', '支农', '工具', '350', '支小再', '10', '余额', '16', '贷款', '亿元']"
,金融网络安全知识手册.pdf...,中国货币政策执行报告.pdf,"延续实
施普惠小微贷款支持工具，截至 9 月末，工具累计提供激励资金 526
亿元，比年初增加 251 亿元，支持地方法人金融机构累计增加普惠小
微贷款 30205 亿元，比年初增加 14151 亿元。并行实施碳减排支持工
具和支持煤炭清洁高效利用专项再贷款，9 月末余额分别为 5098 亿
元、2624 亿元，比年初增加 2001 亿元、1813 亿元。继续实施普惠养
老专项再贷款，9 月末工具余额为 16 亿元，比年初增加 9 亿元",,"['月末', '支持', '工具', '贷款', '专项', '累计', '增加', '余额', '年初', '亿元']"
,金融网络安全知识手册.pdf...,中国货币政策执行报告.pdf,"科
技创新再贷款、设备更新改造专项再贷款、交通物流专项再贷款等到
期退出，存量资金继续发挥作用。9 月末，上述三个工具余额分别为
3456 亿元、1672 亿元、451 亿元，比年初增加 1456 亿元、863 亿元、
209 亿元。",,"['更新改造', '3456', '专项', '贷款', '451', '1456', '863', '亿元', '1672', '209']"
,金融网络安全知识手册.pdf...,中国货币政策执行报告.pdf,"18
用好政策工具促进房地产市场平稳健康发展。按照党中央、国务
院部署，继续用好 2000 亿元保交楼贷款支持计划、1000 亿元租赁住
房贷款支持计划、800 亿元房企纾困专项再贷款等结构性货币政策工
具，引导金融机构加大保交楼金融支持，推动构建房地产发展新模式。
六、提升信贷政策的结构引导效能
持续提升民营和小微企业金融服务水平",,"['支持', '1000', '房企纾困', '800', '亿元', '贷款', '保交楼', '2000', '引导', '18']"
,金融网络安全知识手册.pdf...,中国货币政策执行报告.pdf,"8 月 3 日和 8 月 30 日，
先后召开金融支持民营企业发展座谈会和金融支持民营企业发展工
作推进会，深入了解民营企业金融服务情况，推动银企供需对接，进
一步发挥部门合力，加大民营企业支持力度。深入实施中小微企业金
融服务能力提升工程，加快建立敢贷愿贷能贷会贷长效机制，出台实
施小微企业信贷政策导向效果评估方案，强化督促引导，持续提升金
融机构服务小微企业的意愿、能力和可持续性，促进小微企业融资“增
量、扩面、降价”",,"['贷愿', '施小微', '支持', '小微', '30', '贷会贷', '企业', '深入', '贷能', '民营企业']"
,金融网络安全知识手册.pdf...,中国货币政策执行报告.pdf,"9 月末，普惠小微贷款余额和授信户数同比分别
增长 24.1%和 13.3%；9 月新发放普惠小微企业贷款利率 4.29%。
加大对乡村振兴领域的金融支持",,"['13', '29', '13.3%', '普惠小微', '振兴', '4.29%', '户数', '授信', '余额', '贷款', '24.1%', '24', '乡村']"
,金融网络安全知识手册.pdf...,中国货币政策执行报告.pdf,"
加大对乡村振兴领域的金融支持。持续推动《关于金融支持全面
推进乡村振兴 加快建设农业强国的指导意见》落地见效，配合国家
粮食和储备局出台《关于切实做好 2023 年秋粮收购工作的通知》，
指导金融机构持续加大对粮食和重要农产品稳产保供、农业科技装备
和绿色发展、乡村产业高质量发展等重点领域金融资源投入，推动金
融产品和服务创新，不断提升金融服务乡村振兴质效。9 月末，涉农
贷款余额 55.8 万亿元，同比增长 15.1%",,"['15.1%', '55', '保供', '质效', '15', '振兴', '指导', '金融', '55.8', '粮食', '2023', '乡村']"
,金融网络安全知识手册.pdf...,中国货币政策执行报告.pdf,"
持续做好制造业和科技创新金融服务工作。完善金融支持科技创",,"['完善', '支持', '科技', '创新', '金融服务', '工作', '金融', '制造业', '做好', '持续']"
,金融网络安全知识手册.pdf...,中国货币政策执行报告.pdf,"19
新的政策框架，推动构建多元化接力式科创金融服务体系。联合产业
主管部门完善制造业和科技创新重点投资项目和企业的融资对接机
制，缓解银企信息不对称问题。定期开展全国性银行制造业和科技创
新贷款情况通报，激励引导金融机构加大对制造业和科技创新的信贷
支持",,"['情况通报', '19', '科技', '接机', '创新', '金融服务', '制造业', '科创', '银企', '接力']"
,金融网络安全知识手册.pdf...,中国货币政策执行报告.pdf,"截至 2023 年 9 月末，制造业中长期贷款余额 12.1 万亿元，同
比增长 38.2%；高技术制造业中长期贷款余额 2.6 万亿元，同比增长
38.2%；科技型中小企业贷款余额 2.4 万亿元，同比增长 22.6%，“专
精特新”企业贷款余额 2.8 万亿元，同比增长 18.6%，均明显超过全
部贷款增速。
专栏 4 持续强化金融赋能 助力民营经济恢复发展
民营经济是我国经济制度的内在要素，是推动社会主义市场经济发展的重要
力量。支持民营企业发展，也是金融供给侧结构性改革的重要内容",,"['2023', '38.2%', '增长', '同比', '长期贷款', '余额', '制造业', '贷款', '民营', '38', '万亿元']"
,金融网络安全知识手册.pdf...,中国货币政策执行报告.pdf,"人民银行坚
决贯彻落实党中央、国务院决策部署，坚持“两个毫不动摇”，先后出台一系列
政策举措，与金融机构共同努力，推动民营企业融资持续量增、面扩、价降，全
力促进民营经济做大做优做强。
货币信贷政策不断提升支持民营企业质效。一是持续加大货币政策支持力
度。增加支农支小再贷款、再贴现额度 2350 亿元，将普惠小微贷款支持工具实
施期限延长至 2024 年底，已累计提供激励资金 498 亿元，有效支持地方法人银
行增加普惠小微贷款",,"['支持', '支持力', '普惠小微', '质效', '支小再', '面扩', '贷款', '价降', '民营企业', '优做']"
,金融网络安全知识手册.pdf...,中国货币政策执行报告.pdf,"持续发挥贷款市场报价利率改革效能，推动企业融资成本
降至历史低位。二是拓宽民营企业融资渠道。对民营企业债券融资支持工具（“第
二支箭”）延期扩容，为民营企业发行债券提供有效增信支持。鼓励商业银行发
行小微企业专项金融债券，增加银行支小信贷资金来源。发挥供应链票据等金融
工具作用，推广中征应收账款融资服务平台，支持供应链上民营中小微企业融资。
三是全面提升融资服务水平",,"['供应链', '支小', '支持', '行小微', '工具', '企业', '发挥', '增信', '融资', '民营企业']"
,金融网络安全知识手册.pdf...,中国货币政策执行报告.pdf,"
三是全面提升融资服务水平。持续开展中小微企业金融服务能力提升工程，引导
金融机构完善内部资金转移定价、尽职免责、绩效考核等机制。目前，全国性商
业银行小微业务内部资金转移定价优惠均不低于 50 个基点、普惠金融在分支行",,"['小微', '绩效考核', '普惠', '免责', '50', '内部', '分支行', '提升', '转移', '定价']"
,金融网络安全知识手册.pdf...,中国货币政策执行报告.pdf,"20
综合绩效考核的权重均不低于 10%。
金融支持民营经济取得积极成效。9 月末，私人控股企业贷款余额 41.3 万亿
元，同比增长 10.9%，较上年末提高 2.6 个百分点，前三季度新增私人控股企业
贷款 4.0 万亿元，占全部新增企业贷款的 21.6%，较上年上升 3.5 个百分点。对
民营企业尤其是深度参与的新动能领域，金融资源投入明显加大，有力支持经济
可持续发展和转型升级。一是普惠金融支持稳固。普惠小微贷款余额从 2019 年
末的 11.6 万亿元增至 2023 年 9 月末的 28.7 万亿元，年均增速超过 25%",,"['支持', '月末', '私人', '百分点', '企业', '金融', '余额', '贷款', '控股', '万亿元']"
,金融网络安全知识手册.pdf...,中国货币政策执行报告.pdf,"9 月新
发放普惠小微贷款加权平均利率 4.62%，处于历史较低水平。二是科创融资多元
推进。9 月末，科技型中小企业贷款余额 2.4 万亿元，同比增长 22.6%，科创票
据、科创公司债余额合计约 4500 亿元，超过 1600 家专精特新中小企业在 A 股
上市。三是绿色贷款高速增长。9 月末，金融机构绿色贷款余额 28.6 万亿元，同
比增长 36.8%，高于全部贷款增速 26.6 个百分点，前三季度新增 6.6 万亿元",,"['月末', '增长', '普惠小微', '中小企业', '62', '余额', '4.62%', '绿色', '贷款', '科创', '万亿元']"
,金融网络安全知识手册.pdf...,中国货币政策执行报告.pdf,"
图：我国私人控股企业贷款和全部贷款余额同比增速
下一步，人民银行将继续加大货币政策对民营小微企业的倾斜力度，抓好已
出台政策文件落实，对金融支持民营经济发展作出系统性安排，引导金融机构树
立“一视同仁”理念，通过制定民营企业年度服务目标、提高服务民营企业相关
业务在绩效考核中的权重等，加大对民营企业的金融支持力度，引导金融机构主
动做好民营企业资金接续服务，推动降低企业综合融资成本，努力做到金融对民
营经济的支持与民营经济对经济社",,"['经济', '支持', '力度', '企业', '服务', '金融', '民营', '金融机构', '引导', '民营企业']"
,金融网络安全知识手册.pdf...,中国货币政策执行报告.pdf,"到金融对民
营经济的支持与民营经济对经济社会发展的贡献相适应",,"['经济', '支持', '金融', '贡献', '发展', '相适应', '对民', '民营', '经济社会']"
,金融网络安全知识手册.pdf...,中国货币政策执行报告.pdf,"
七、健全市场化利率形成和传导机制
7
8
9
10
11
12
13 私人控股企业贷款同比增速
全部贷款同比增速
%",,"['传导', '13', '11', '同比', '市场化', '增速', '健全', '12', '10', '贷款']"
,金融网络安全知识手册.pdf...,中国货币政策执行报告.pdf,"21
继续深化利率市场化改革，健全市场化利率形成和传导机制，推
动实体经济融资成本稳中有降。持续释放 LPR 改革效能，引导公开
市场操作和中期借贷便利（MLF）中标利率分别下降 0.1 个和 0.15 个
百分点，带动 8 月公布的 1 年期 LPR 下降 0.1 个百分点，促进降低实
际贷款利率水平。9 月，企业贷款加权平均利率为 3.82%，同比下降
0.18 个百分点，持续处于历史低位。督促银行进一步完善贷款利率定
价机制，规范贷款利率定价秩序。持续发挥存款利率市场化调整机制
的重要作用",,"['下降', '0.1', '利率', 'LPR', '21', '市场化', '百分点', '机制', '贷款', '持续']"
,金融网络安全知识手册.pdf...,中国货币政策执行报告.pdf,"持续发挥存款利率市场化调整机制
的重要作用。9 月，主要银行主动下调部分期限存款挂牌利率并同步
下调了内部利率授权上限。这是继 2022 年 9 月以来，主要银行根据
自身经营需要和市场供求状况，第三次主动调整存款挂牌利率，有利
于增强金融支持实体经济的可持续性，存款利率市场化程度和利率传
导效率进一步提高。
调整优化个人住房信贷利率政策。推动降低存量首套房贷利率，
9 月 25 日起，金融机构按照市场化、法治化原则对符合条件的存量
首套房贷利率进行下调",,"['房贷利率', '挂牌', '利率', '市场化', '法治化', '首套', '存款', '主动', '下调', '存量']"
,金融网络安全知识手册.pdf...,中国货币政策执行报告.pdf,"继续落实首套房贷利率政策动态调整机制，
因城施策推动更多城市下调或取消首套房贷利率下限。调降二套房贷
利率下限 40 个基点，由 LPR+60 个基点降至 LPR+20 个基点。房贷
利率政策的调整优化，带动降低了新发放和存量房贷利率。
八、深化人民币汇率市场化改革
继续推进汇率市场化改革，完善以市场供求为基础、参考一篮子
货币进行调节、有管理的浮动汇率制度。坚持市场在汇率形成中起决
定作用，发挥汇率调节宏观经济、国际收支的自动稳定器和减震器功",,"['房贷利率', '基点', 'LPR', '市场化', '调节', '首套', '因城', '房贷', '汇率', '下限']"
,金融网络安全知识手册.pdf...,中国货币政策执行报告.pdf,"22
能。综合施策，加强预期管理，保持人民币汇率在合理均衡水平上的
基本稳定。前三季度，人民币对美元汇率中间价最高为 6.7130 元，最
低为 7.2258 元，182 个交易日中 97 个交易日升值、84 个交易日贬值、
1 个交易日持平。最大单日升值幅度为 1.0%（654 点），最大单日贬
值幅度为 0.9%（630 点）。人民币对国际主要货币汇率有升有贬，双
向浮动。9 月末，人民币对美元、欧元、英镑、日元汇率中间价分别
较 6 月末升值 0.6%、3.9%、4.3%和 3.5%",,"['交易日', '月末', '幅度', '人民币', '中间价', '单日', '汇率', '22', '施策', '升值']"
,金融网络安全知识手册.pdf...,中国货币政策执行报告.pdf,"2005 年人民币汇率形成机
制改革以来至 2023 年 9 月末，人民币对美元汇率累计升值 15.3%，
对欧元汇率累计升值 32%，对英镑汇率累计升值 64.4%，对日元汇率
累计升值 51%。银行间外汇市场人民币直接交易成交较为活跃，流动
性平稳，降低了企业的汇兑成本，促进了双边贸易和投资。
九、防范化解处置金融风险
加强系统性风险监测评估。持续加强系统性金融风险监测和评估，
健全金融稳定监测评估框架。不断完善银行业、证券业、保险业、金
融市场风险监测",,"['人民币', '系统性', '2005', '监测', '累计', '金融风险', '评估', '汇率', '2023', '升值']"
,金融网络安全知识手册.pdf...,中国货币政策执行报告.pdf,"组织银行业金融机构进行压力测试，及时进行风险
提示，引导金融机构稳健运行。
持续推动金融风险防范化解。有序压降重点区域、重点领域金融
风险。定期完成央行金融机构评级工作，对全国 4000 多家银行业金
融机构开展评级，摸清风险底数，精准识别高风险机构。对评级为 1-
7 级的机构，按季组织预警；对 8-10 级的高风险机构，区分增量和存
量，采取有力措施压降。对预警银行苗头性问题及时纠偏，实现风险
早发现、早处置。",,"['按季', '银行业', '预警', '4000', '风险', '评级', '机构', '金融机构', '压降', '高风险']"
,金融网络安全知识手册.pdf...,中国货币政策执行报告.pdf,"23
加强风险评估的国际合作。7 月以来，人民银行会同相关部门与
金融部门评估规划（FSAP）评估团开展多轮现场会谈，就金融机构流
动性管理、银行业压力测试、气候风险分析等议题进行讨论。FSAP 评
估由国际货币基金组织和世界银行在亚洲金融危机后联合推出，目前
已成为国际广泛接受的金融稳定评估框架，我国曾于 2009-2011 年和
2016-2017 年接受两次评估。
十、提升跨境贸易和投融资服务能力
促进优质企业便利化政策扩面提质",,"['23', '动性', '2011', '2016', '评估', 'FSAP', '2009', '扩面', '估由', '2017']"
,金融网络安全知识手册.pdf...,中国货币政策执行报告.pdf,"稳步推进贸易外汇收支便利
化改革，提高跨境贸易结算效率，积极支持贸易新业态发展，为市场
主体从事对外贸易活动“降成本、增绩效”。加强优质企业贸易收支
便利化政策宣传，支持更多信用好、能力强、有实需的银企享受政策
红利，不断提升优质中小企业便利化政策覆盖面。前三季度，共办理
便利化业务达 7000 多亿美元。
深化对外货币金融合作。稳步推进双边本币互换，优化本币互换
框架，发挥互换对支持离岸人民币市场发展和促进贸易投资便利化的
作用",,"['7000', '优质', '收支', '实需', '贸易', '本币', '便利化', '互换', '稳步', '政策']"
,金融网络安全知识手册.pdf...,中国货币政策执行报告.pdf,"以周边及“一带一路”沿线国家为重点，加强央行间本币结算
合作，优化境外人民币使用环境。9 月末，在人民银行与境外货币当
局签署的双边本币互换协议下，境外货币当局动用人民币余额
1171.09 亿元，人民银行动用外币余额折合 4.26 亿美元，对促进双边
贸易投资发挥了积极作用。
表 8 2023 年第三季度银行间外汇即期市场人民币对各币种交易量
单位：亿元人民币
币种 美元 欧元 日元 港元 英镑 澳大利亚元 新西兰元",,"['1171', '人民银行', '09', '1171.09', '4.26', '26', '人民币', '境外', '本币', '余额', '双边', '2023', '动用']"
,金融网络安全知识手册.pdf...,中国货币政策执行报告.pdf,"24
交易量 169548.10 2057.57 1334.05 643.69 111.08 91.76 33.22
币种 新加坡元 瑞士法郎 加拿大元 马来西亚
林吉特
俄罗斯
卢布 南非兰特 韩元
交易量 21.48 36.22 88.29 9.55 24.38 1.15 11.45
币种 阿联酋
迪拉姆
沙特
里亚尔
匈牙利
福林
波兰
兹罗提 丹麦克朗 瑞典克朗 挪威克朗
交易量 0.67 11.02 0.09 0.17 2.81 12.44 1.01
币种 土耳其
里拉
墨西哥
比索 泰铢 柬埔寨
瑞尔
哈萨克斯
坦坚戈
蒙古
图格里克 印尼卢比
交易量 0.39 9.57 19.00 0 0.01 0 6.47
数据来源：中国外汇交易中心",,"['新加坡元', '图格里克', '加拿大元', '币种', '坚戈', '24', '林吉特', '交易量', '南非兰特', '兹罗提']"
,金融网络安全知识手册.pdf...,中国货币政策执行报告.pdf,"
第三部分 金融市场运行
2023 年第三季度金融市场整体平稳运行。货币市场利率有所抬
升，市场交易保持活跃。国债和金融债发行利率基本稳定，债券发行
量增加。证券市场、保险市场运行总体稳健。
一、金融市场运行概况
（一）货币市场利率较上半年走高，市场交易活跃程度提升
货币市场利率有所回升。2023年9月同业拆借月加权平均利率为
1.87%，质押式回购月加权平均利率为1.96%，比6月分别高30个和29
个基点",,"['活跃', '金融市场', '利率', '96', '1.96%', '市场', '货币', '87', '运行', '2023', '1.87%', '加权']"
,金融网络安全知识手册.pdf...,中国货币政策执行报告.pdf,"银行业存款类金融机构间利率债质押式回购月加权平均利率
为1.77%，低于质押式回购月加权平均利率19个基点。9月末，隔夜和
1周Shibor分别为2.16%和2.20%，较上年12月末分别上升20个和下降2
个基点。
货币市场交易保持活跃。前三季度，银行间市场债券回购累计成
交1271.2万亿元，日均成交6.8万亿元，同比增长21.3%；同业拆借累",,"['月末', '利率', '基点', '19', '质押', '77', 'Shibor', '1.77%', '回购', '万亿元', '加权']"
,金融网络安全知识手册.pdf...,中国货币政策执行报告.pdf,"25
计成交111.7万亿元，日均成交5973亿元，同比减少2.2%。从期限结构
看，隔夜回购成交量占回购总量的87.8%，比重较上年同期上升1.2个
百分点，隔夜拆借成交量占拆借总量的90.1%，比重较上年同期上升
0.6个百分点。前三季度，交易所债券回购累计成交341.9万亿元，同
比上升14.8%",,"['上年', '比重', '百分点', '拆借', '成交', '总量', '同期', '上升', '回购', '万亿元']"
,金融网络安全知识手册.pdf...,中国货币政策执行报告.pdf,"
表 9 2023 年前三季度金融机构回购、同业拆借资金净融出、净融入情况
单位：亿元
回购市场 同业拆借
2023 年前三季度 2022 年前三季度 2023 年前三季度 2022 年前三季度
中资大型银行① -5688684 -3800317 -423236 -358932
中资中型银行② -868101 -1221984 -48237 -132360
中资小型银行③ 441190 59544 77755 65321
证券业机构④ 1691783 1325740 335675 337330
保险业机构⑤ 173500 168461 1170 1382
外资银行 50398 51445 -11188 -12790
其他金融机构及产品⑥ 4199913 3417111 68061 100049
注：①中资大型银行包括工商银行、农业银行、中国银行、建设银行、国家
开发银行、交通银行、邮政储蓄银行",,"['年前', '中资', '拆借', '银行', '三季度', '同业', '回购', '金融机构', '2023', '2022']"
,金融网络安全知识手册.pdf...,中国货币政策执行报告.pdf,"②中资中型银行包括政策性银行、招商银
行等 9 家股份制商业银行、北京银行、上海银行、江苏银行。③中资小型银行包
括恒丰银行、浙商银行、渤海银行、其他城市商业银行、农村商业银行和合作银
行、民营银行、村镇银行。④证券业机构包括证券公司、基金公司和期货公司。
⑤保险业机构包括保险公司和企业年金",,"['恒丰', '行等', '上海银行', '中资', '商业银行', '证券业', '银行', '浙商', '机构', '包括']"
,金融网络安全知识手册.pdf...,中国货币政策执行报告.pdf,"
⑤保险业机构包括保险公司和企业年金。⑥其他金融机构及产品包括城市信用社、
农村信用社、财务公司、信托投资公司、金融租赁公司、资产管理公司、社保基
金、基金、理财产品、信托计划、其他投资产品等，其中部分金融机构和产品未
参与同业拆借市场。⑦负号表示净融出，正号表示净融入。
数据来源：中国外汇交易中心。
存单业务有序发展。第三季度，银行间市场发行同业存单 5908
期，发行总量为 6.2 万亿元，二级市场交易总量为 68.3 万亿元，9 月
末同业存单余额为 14.6 万亿元",,"['68.3', '5908', '存单', '总量', '6.2', '同业', '68', '净融', '金融机构', '产品', '万亿元']"
,金融网络安全知识手册.pdf...,中国货币政策执行报告.pdf,"3 个月期同业存单发行加权平均利率
为 2.17%，比同期限 Shibor 高 6 个基点。第三季度，金融机构发行大
额存单 11123 期，发行总量为 2.7 万亿元，同比增加 301 亿元。",,"['2.7', '301', '存单', '同比增加', 'Shibor', '比同', '11123', '个月期', '17', '发行', '2.17%']"
,金融网络安全知识手册.pdf...,中国货币政策执行报告.pdf,"26
利率互换市场交易有所增加。第三季度，人民币利率互换市场达
成交易 10.1 万笔，同比增加 39.5%；名义本金总额 9 万亿元，同比增
加 43.8%。从期限结构来看，1 年及 1 年以下交易最为活跃，名义本
金总额达 6.1 万亿元，占总量的 67.3%。人民币利率互换交易的浮动
端参考利率主要包括 7 天回购定盘利率和 Shibor，与之挂钩的利率互
换交易名义本金占比为 92.3%和 6.5%。第三季度，以 LPR 为标的的
利率互换成交 304 笔，名义本金 759 亿元",,"['26', '利率', '名义', '第三季度', '总额', '10.1', '10', '互换', '本金', '交易', '万亿元']"
,金融网络安全知识手册.pdf...,中国货币政策执行报告.pdf,"
表 10 2023 年第三季度利率互换交易情况
年度 交易笔数（笔） 交易量（亿元）
2023 年三季度 101068 89984
2022 年三季度 72428 62557
数据来源：中国外汇交易中心。
利率期权业务平稳发展。第三季度利率期权交易共计成交 252 笔、
337 亿元，均为挂钩 LPR 的利率上/下限期权。
（二）债券发行利率基本稳定，发行量和交易量增加
国债和金融债发行利率略有下行",,"['101068', '利率', '交易', '第三季度', '89984', '期权', '10', '交易量', '2023', '2022']"
,金融网络安全知识手册.pdf...,中国货币政策执行报告.pdf,"9月，财政部发行的10年期国
债收益率为2.64%，较6月下降1个基点；国开行发行的10年期金融债
收益率为2.69%，较6月下降6个基点；主体评级 AAA 的企业发行的一
年期短期融资券平均利率为3.64%，较6月上升17个基点。",,"['2.64%', '64', '基点', 'AAA', '10', '2.69%', '年期', '17', '69', '收益率', '发行', '3.64%']"
,金融网络安全知识手册.pdf...,中国货币政策执行报告.pdf,"27
数据来源：中央国债登记结算有限责任公司。
图 4 银行间市场国债收益率曲线变化情况
国债收益率整体上行。9月末，1年期、3年期、5年期、7年期、10
年期国债收益率分别为2.17%、2.37%、2.53%、2.68%、2.68%，较6月
末分别上行30个、15个、10个、5个、4个基点；1年期和10年期国债利
差为51个基点，较6月末收窄26个基点。
债券发行同比增加。前三季度累计发行各类债券52.8万亿元，同
比增长12.8%，比上年同期增加6万亿元，主要是国债、同业存单和公
司债增加较多",,"['68', '月末', '基点', '27', '10', '年期', '2.68%', '收益率', '国债', '上行', '万亿元']"
,金融网络安全知识手册.pdf...,中国货币政策执行报告.pdf,"9月末，国内各类债券余额153.9万亿元，同比增长7%。
现券交易量增长。前三季度债券市场现券总成交262.9万亿元，同
比增长14.4%，其中银行间债券市场现券交易229.1万亿元，同比增长
14.1%。交易所债券现券成交33.8万亿元，同比增长17%。
表 11 2023 年前三季度各类债券发行情况
单位：亿元
债券品种 发行额 较上年同期增减
国债 75412 10815
地方政府债券 69525 6040
1.6
1.8
2.0
2.2
2.4
2.6
2.8
3.0
3.2
3.4
0.5 1 2 3 4 5 6 7 8 9 10 15 20 30
2022-9-30 2022-12-30 2023-3-31 2023-6-30 2023-9-30
%
期限（年）",,"['30', '增长', '各类', '同比', '2022', '债券市场', '债券', '2023', '万亿元', '现券']"
,金融网络安全知识手册.pdf...,中国货币政策执行报告.pdf,"28
中央银行票据 0 0
金融债券①
273235 39737
 其中：国家开发银行及政策性金融债 49031 3024
 同业存单 190132 33434
公司信用类债券②
108515 2924
 其中：非金融企业债务融资工具 68096 -3449
 企业债券 3459 -976
 公司债 28330 6732
国际机构债券 1182 428
合计 527869 59944
注：①金融债券包括国开行金融债、政策性金融债、商业银行普通债、商业
银行次级债、商业银行资本混合债、证券公司债券、同业存单等",,"['金融债券', '39737', '存单', '28', '273235', '政策性', '商业银行', '49031', '金融债', '同业']"
,金融网络安全知识手册.pdf...,中国货币政策执行报告.pdf,"②公司信用类
债券包括非金融企业债务融资工具、企业债券以及公司债、可转债、可分离债、
中小企业私募债，非金融企业发行的交易所资产支持证券等。
数据来源：中国人民银行、中国证券监督管理委员会、中央国债登记结算有
限责任公司，根据提供方最新数据更新。
（三）票据承兑业务有所回升，票据融资平稳增长
票据承兑业务回升。前三季度，企业累计签发商业汇票21.1万亿
元，同比上升3.3%；期末商业汇票未到期金额16.6万亿元，同比下降
2.3%",,"['非金融', '21.1', '16.6', '21', '汇票', '企业', '承兑', '票据', '16', '3.3%', '2.3%', '融资']"
,金融网络安全知识手册.pdf...,中国货币政策执行报告.pdf,"票据承兑余额有所上升，9月末余额较6月末增加3762亿元。由
中小微企业签发的银行承兑汇票占比69.2%。
票据融资平稳增长，利率有所上升。前三季度，金融机构累计贴
现43.2万亿元，同比上升4.6%。9月末，票据融资余额12.5万亿元，同
比上升1.0%，占各项贷款的比重为5.3%，同比下降0.5个百分点。第三
季度，票据市场利率有所上升。
（四）股票市场指数维持震荡
沪深股市走势有所分化。股票市场指数一季度总体走好，二、三
季度有所回落",,"['季度', '有所', '月末', '69.2%', '票据', '上升', '余额', '股票市场', '69', '万亿元', '3762']"
,金融网络安全知识手册.pdf...,中国货币政策执行报告.pdf,"9月末，上证综合指数收于3110点，较上年末上涨1.2%；
深证成份指数收于10110点，较上年末回落8.1%。前三季度沪、深股",,"['深股', '1.2%', '8.1%', '成份', '上证', '10110', '收于', '年末', '指数', '3110']"
,金融网络安全知识手册.pdf...,中国货币政策执行报告.pdf,"29
市累计成交162.6万亿元，日均成交8937亿元。前三季度累计筹资7358
亿元。
（五）保险业保费收入同比增加，资产增长加快
2023年前三季度，保险业累计实现保费收入4.3万亿元，同比增长
11%，比上年高6.4个百分点；累计赔款、给付1.4万亿元，同比增长
20.1%，其中，财产险赔付同比增加17.9%，人身险赔付同比增加22.2%",,"['162', '29', '保费', '增长', '保险业', '同比增加', '成交', '累计', '162.6', '赔付', '万亿元']"
,金融网络安全知识手册.pdf...,中国货币政策执行报告.pdf,"
表 12 2023 年 9 月末主要保险资金运用余额及占比情况
单位：亿元、%
余额 占资产总额比重
2023 年 9 月末 2022 年 9 月末 2023 年 9 月末 2022 年 9 月末
资产总额 295889 267093 100.0 100.0
其中：银行存款 27484 28587 9.3 10.7
投资 244296 216685 82.6 81.1
数据来源：国家金融监督管理总局。
保险业资产增长加快。9 月末，保险业总资产 29.6 万亿元，同比
增长 10.8%，比上年末高 1.7 个百分点。其中，银行存款同比下降 3.9%，
投资类资产同比增长 12.7%",,"['月末', '100.0', '同比', '保险业', '总额', '余额', '100', '资产', '银行存款', '2023', '2022']"
,金融网络安全知识手册.pdf...,中国货币政策执行报告.pdf,"
（六）外汇即期交易量增加，掉期、远期交易量同比减少
前三季度，人民币外汇即期交易累计成交金额折合 7.3 万亿美元，
同比增长 11.5%；人民币外汇掉期交易累计成交金额折合 15.3 万亿美
元，同比减少 0.3%，其中隔夜美元掉期交易累计成交金额 10.2 万亿
美元，占总成交金额的 66.6%；人民币外汇远期交易累计成交金额折
合 927 亿美元，同比减少 12.1%。“外币对”累计成交金额折合 1.3
万亿美元，同比增长 15.1%，其中成交最多的产品为欧元对美元，占",,"['远期', '同比', '掉期', '折合', '成交', '累计', '外汇', '金额', '即期', '交易']"
,金融网络安全知识手册.pdf...,中国货币政策执行报告.pdf,"30
市场份额比重为 38.4%。
（七）黄金价格上涨，成交额同比增加
9 月末，国际黄金价格收于 1870.5 美元/盎司，较 2022 年末上涨
3.2%；上海黄金交易所 Au99.99 收于 447.1 元/克，较 2022 年末上涨
8.9%。第三季度，上海黄金交易所黄金成交量 1.0 万吨，同比下降 9.7%，
成交额 4.7 万亿元，同比增长 7.6%。
二、金融市场制度建设
（一）货币市场和债券市场制度建设
促进银行间债券市场柜台业务规范发展",,"['30', '黄金', '3.2%', '收于', '债券市场', '38.4%', '1870', '年末', '38', '1870.5', '2022', '成交额']"
,金融网络安全知识手册.pdf...,中国货币政策执行报告.pdf,"2023 年 8 月，人民银
行就《关于银行间债券市场柜台业务有关事项的通知（征求意见稿）》
公开征求意见。《通知》放宽了机构投资者通过柜台投资银行间债券
市场的有关限制，同时强调对柜台业务开办机构的内控制度、投资者
适当性管理等要求，以提高柜台业务的便利度和参与机构的积极性。
规范经纪报价及数据展示行为",,"['业务', '内控', '通知', '征求意见', '开办', '投资银行', '机构', '投资者', '2023', '柜台']"
,金融网络安全知识手册.pdf...,中国货币政策执行报告.pdf,"
规范经纪报价及数据展示行为。8 月 30 日，人民银行与金融监
管总局、证监会、外汇管理局联合发布《关于规范货币经纪公司数据
服务有关事项的通知》，规范货币经纪公司提供数据服务，鼓励数据
依法合理使用，确保数据安全，提升市场信息透明度，促进市场公平
竞争。
（二）证券市场改革和制度建设
优化上市公司独立董事制度",,"['外汇管理局', '30', '制度', '数据安全', '数据', '经纪', '服务', '货币', '提供数据', '规范']"
,金融网络安全知识手册.pdf...,中国货币政策执行报告.pdf,"8 月 4 日，证监会发布《上市公司
独立董事管理办法》，明确上市公司独立董事的独立性，细化上市公
司独董制度具体要求，促进独立董事发挥应有作用，推动上市公司完",,"['独立性', '司独', '独立', '证监会', '发挥', '应有', '明确', '上市公司', '董事', '细化']"
,金融网络安全知识手册.pdf...,中国货币政策执行报告.pdf,"31
善公司治理，助力资本市场健康发展。
推动北京证券交易所高质量发展。9 月 1 日，证监会发布《证券
公司北京证券交易所股票做市交易业务特别规定》。自 2 月北交所正
式启动股票做市交易业务后，该规定进一步明确北交所做市商的准入
条件，适当降低资本实力和分类评级要求，有效发挥做市交易机制作
用，促进市场保持合理流动性水平。
（三）保险市场制度建设
扩大商业健康保险个人所得税优惠政策适用范围",,"['业务', '做市', '北交所正', '健康', '交易所', '做市商', '31', '北交所', '交易', '证券']"
,金融网络安全知识手册.pdf...,中国货币政策执行报告.pdf,"7 月，金融监
管总局发布《关于适用商业健康保险个人所得税优惠政策产品有关事
项的通知》，将适用个人所得税优惠政策的商业健康保险产品范围扩
大至医疗保险、长期护理保险和疾病保险等商业健康保险主要险种，
增加产品保障内容，提高灵活性，此举将有效降低医疗费用负担，促
进多层次医疗保障有序衔接。
规范保险销售行为",,"['个人所得税', '健康', '险种', '大至', '适用', '保险产品', '商业', '优惠政策', '产品', '医疗保障']"
,金融网络安全知识手册.pdf...,中国货币政策执行报告.pdf,"
规范保险销售行为。9 月，金融监管总局发布《保险销售行为管
理办法》，将保险销售行为分为保险销售前、销售中和销售后三个阶
段分别加以规制，更好维护保险消费权益，进一步推动保险公司清晰
把握保险销售行为管理要求。
推动个人税收递延型商业养老保险试点与个人养老金衔接",,"['规制', '总局', '衔接', '销售', '推动', '养老保险', '养老金', '递延', '金融监管', '行为']"
,金融网络安全知识手册.pdf...,中国货币政策执行报告.pdf,"9月，
金融监管总局发布《关于个人税收递延型商业养老保险试点与个人养
老金衔接有关事项的通知》，明确税延养老保险试点与个人养老金衔
接过程中的工作要求、业务调整、产品管理、保单转移等，要求各项
工作有序开展，原则上于 2023 年底前完成。",,"['试点', '金融监管', '税延', '养老保险', '养老金', '老金', '递延', '要求', '2023', '保单']"
,金融网络安全知识手册.pdf...,中国货币政策执行报告.pdf,"32
优化保险公司偿付能力监管标准。9 月，金融监管总局发布《关
于优化保险公司偿付能力监管标准的通知》。主要内容一是对不同险
种、不同规模保险公司实施差异化资本监管；二是优化资本计量标准，
强化资本负债匹配管理，引导保险公司回归保障本源；三是优化风险
因子，要求保险公司加强投资收益长期考核，引导保险公司支持服务
实体经济和科技创新",,"['监管', '本源', '优化', '差异化', '资本', '32', '偿付能力', '引导', '保险公司', '标准']"
,金融网络安全知识手册.pdf...,中国货币政策执行报告.pdf,"
第四部分 宏观经济分析
一、世界经济金融形势
全球经济延续复苏态势，但增长前景分化，普遍面临“高通胀、
高利率、高债务”等挑战。美欧劳动力市场保持紧俏，通胀压力总体
缓解但仍有粘性，政策利率可能较长时间维持高位。未来一段时间，
全球贸易增速放缓对经济增长的拖累，能源价格对通胀走势的扰动，
以及全球高债务、高利率可能诱发的金融风险仍需关注。
（一）主要经济体经济和金融市场概况
经济增长复苏前景分化",,"['全球', '经济', '增长', '美欧', '分化', '前景', '通胀', '高利率', '复苏', '债务']"
,金融网络安全知识手册.pdf...,中国货币政策执行报告.pdf,"2023 年三季度，美国 GDP 环比折年率
为 4.9%，显著高于二季度的 2.1%，为 2022 年以来最高增速，美国经
济有望实现“软着陆”；9 月制造业 PMI 为 49，连续 3 个月回升。日
本下半年来经济有所放缓，三季度 GDP 环比折年率转负至-2.1%，制
造业 PMI 震荡下行。欧元区三季度 GDP 同比增长 0.1%，连续 6 个季",,"['4.9%', '环比', '2.1%', '49', '三季度', 'GDP', '年率', 'PMI', '2023', '2022']"
,金融网络安全知识手册.pdf...,中国货币政策执行报告.pdf,"33
度放缓，10 月制造业 PMI 降至 43,连续 16 个月位于荣枯线以下，经
济下滑风险上升。
美欧通胀仍有较强粘性。三季度美国通胀有所升温，7 月 CPI 反
弹至 3.2%，8 月、9 月进一步升至 3.7%，核心通胀保持回落态势。9
月，欧元区 HICP 同比上涨 4.3%，较 6 月的 5.5%明显回落，核心 HICP
回落至 4.5%。9 月，英国 CPI 同比上涨 6.7%，与 8 月持平，总体延
续回落态势。
劳动力市场依然强劲但存不确定性。三季度美国新增非农就业持
续上升，9 月为 23.6 万人，较 8 月多增 14.9 万人，远超市场预期",,"['态势', 'HICP', '万人', 'CPI', '10', '33', '通胀', 'PMI', '43', '回落']"
,金融网络安全知识手册.pdf...,中国货币政策执行报告.pdf,"9
月，美国失业率为 3.8%，劳动参与率为 62.8%，均与 8 月持平，职位
空缺数从 7 月的 892 万人增至 8 月的 950 万人。非农就业时薪同比上
涨 4.3%，与 8 月持平，保持较快增长。10 月美国劳动力市场有边际
降温迹象，新增非农就业人数降至 15 万人，且失业率进一步上行至
3.9%。
国际金融市场大幅波动。三季度全球股市出现回调，美国标普
500 指数、欧元区 EURO STOXX 50 指数和日本日经 225 指数 8-9 月
分别累计下跌 6.6%、6.6%和 4.0%",,"['非农', '6.6%', '持平', '万人', '62.8%', '3.8%', '美国', '62', '失业率', '数从', '指数']"
,金融网络安全知识手册.pdf...,中国货币政策执行报告.pdf,"受美联储持续大幅加息、美债供
给冲击等因素影响，美国 10 年期国债收益率大幅上行，9 月底收报
4.59%，较去年末上行 71 个基点，10 月 23 日盘中一度升破 5%，创
16 年来新高。德国和英国 10 年期国债收益率分别收报 2.86%和 4.45%，
较去年底分别上行 35 个和 65 个基点。美元指数总体在 100 上方宽幅",,"['收报', '基点', '4.59%', '10', '59', '71', '年期', '美债供', '收益率', '国债', '上行']"
,金融网络安全知识手册.pdf...,中国货币政策执行报告.pdf,"34
波动，7 月 13 日美元指数跌至 99.76，随后再度走强，9 月底收报
106.19，较 7 月低点上涨 6.4%",,"['收报', '13', '34', '19', '6.4%', '76', '走强', '跌至', '99.76', '低点', '106', '106.19', '月底', '99']"
,金融网络安全知识手册.pdf...,中国货币政策执行报告.pdf,"
表 13 主要发达经济体宏观经济金融指标
经
济
体
指标
2022 年第三季度 2022 年第四季度 2023 年第一季度 2023 年第二季度 2023 年第三季度
7 月 8 月 9 月 10 月 11 月 12 月 1 月 2 月 3 月 4 月 5 月 6 月 7 月 8 月 9 月
美
国
实际 GDP 增速
（环比折年率，%）
2.7 2.6 2.2 2.1 4.9
失业率（%） 3.5 3.7 3.5 3.7 3.6 3.5 3.4 3.6 3.5 3.4 3.7 3.6 3.5 3.8 3.8
CPI（同比，%） 8.5 8.3 8.2 7.7 7.1 6.5 6.4 6.0 5.0 4.9 4.0 3.0 3.2 3.7 3.7
DJ 工业平均指数（期末） 32845 31510 28",,"['3.8', '第三季度', '3.7', '指标', '3.5', '3.6', '2023', '3.4', '2022', '4.9']"
,金融网络安全知识手册.pdf...,中国货币政策执行报告.pdf,"7 3.7
DJ 工业平均指数（期末） 32845 31510 28726 32733 34590 33147 34086 32657 33274 34098 32908 34408 35560 34722 33508
欧
元
区
实际 GDP 增速
（同比，%）
2.4 1.8 1.2 0.5 0.1
失业率（%） 6.7 6.7 6.7 6.6 6.7 6.7 6.7 6.6 6.5 6.5 6.5 6.4 6.5 6.4 6.5
HICP（同比，%） 8.9 9.1 9.9 10.6 10.1 9.2 8.6 8.5 6.9 7.0 6.1 5.5 5.3 5.2 4.3
EURO STOXX 50（期末） 3708 3517 3318 3618 3965 3794 4163 4238 4315 4359 4218 4399 4471 4297 4175
英
国
实际 GDP 增速
（同比，%）
2.1",,"['同比', 'DJ', '6.7', '增速', '3.7', '6.5', '期末', 'GDP', '6.4', '6.6']"
,金融网络安全知识手册.pdf...,中国货币政策执行报告.pdf,"75
英
国
实际 GDP 增速
（同比，%）
2.1 0.7 0.5 0.6 0.6
失业率（%） 3.6 3.5 3.6 3.7 3.7 3.7 3.7 3.8 3.9 3.8 4.0 4.2 4.3 … …
CPI（同比，%） 10.1 9.9 10.1 11.1 10.7 10.5 10.1 10.4 10.1 8.7 8.7 7.9 6.8 6.7 6.7
富时 100 指数（期末） 7423 7284 6894 7095 7573 7452 7772 7876 7632 7871 7446 7532 7699 7439 7608
日
本
实际 GDP 增速
（环比折年率，%）
-0.4 -0.2 3.7 4.5 -2.1
失业率（%） 2.6 2.5 2.6 2.6 2.5 2.5 2.4 2.6 2.8 2.6 2.6 2.5 2.7 2.7 2.6
CPI（同比，%） 2",,"['2.5', '3.8', '3.7', '10.1', '2.1', '10', 'CPI', 'GDP', '3.6', '0.6', '2.6']"
,金融网络安全知识手册.pdf...,中国货币政策执行报告.pdf,"2.8 2.6 2.6 2.5 2.7 2.7 2.6
CPI（同比，%） 2.6 3.0 3.0 3.7 3.8 4.0 4.3 3.3 3.2 3.5 3.2 3.3 3.3 3.2 3.0
日经 225 指数（期末） 27802 28092 25937 27587 27969 26095 27327 27446 28041 28856 30888 33189 33172 32619 31858
数据来源：各经济体相关统计部门及中央银行",,"['2.5', '3.8', '2.7', '3.7', 'CPI', '3.0', '2.8', '3.3', '3.2', '2.6']"
,金融网络安全知识手册.pdf...,中国货币政策执行报告.pdf,"
（二）主要经济体货币政策
主要发达经济体加息周期接近尾声。美联储7月加息25个基点，
联邦基金利率目标区间升至 5.25%-5.5%，9 月和 11 月暂停加息，鲍
威尔表示未来的政策决策将基于对前景与风险的持续评估。同时，美
联储继续按计划进行缩表。欧央行 7 月和 9 月会议各加息 25 个基点，
10 月暂停加息，主要再融资操作利率、边际贷款便利利率和存款便利",,"['暂停', '基点', '利率', '加息', '25', '经济体', '5.5%', '11', '便利', '5.25%']"
,金融网络安全知识手册.pdf...,中国货币政策执行报告.pdf,"35
利率分别为 4.5%、4.75%和 4%，7 月起停止资产购买计划（APP）下
的到期证券本金再投资。英格兰银行 8 月加息 25 个基点至 5.25%，9
月暂停加息，并决定在未来 12 个月减持 1000 亿英镑英国国债至 6580
亿英镑。日本银行维持短期政策利率在-0.1%，10 年期国债收益率目
标在 0 附近，但提高了收益率曲线控制（YCC）的灵活性，以 1%作
为收益率浮动的参考上限。此外，第三季度加拿大央行加息 25 个基
点，澳大利亚、韩国、新西兰央行维持基准利率不变。
新兴经济体货币政策分化",,"['加息', '25', '75', '4.5%', '4%', 'APP', '35', '收益率', '4.75%', '亿英镑', '国债']"
,金融网络安全知识手册.pdf...,中国货币政策执行报告.pdf,"
新兴经济体货币政策分化。第三季度，阿根廷、土耳其、俄罗斯、
埃及央行分别加息 2100 个、1500 个、550 个、100 个基点，印度、墨
西哥、印尼、马来西亚、南非央行维持基准利率不变，智利、巴西央
行分别降息 175 个、100 个基点。
（三）值得关注的问题和趋势
经济增长仍未恢复至疫情前水平。地缘政治形势依然错综复杂，
俄乌冲突持续，巴以冲突加剧，发达经济体加息的累积效应持续显现，
全球经济增长动能趋缓。世界贸易组织预计 2023 年全球贸易增速仅
为 0.8%，远低于 2022 年的 2.7%",,"['基点', '经济体', '加息', '西哥', '1500', '550', '175', '2100', '100', '冲突']"
,金融网络安全知识手册.pdf...,中国货币政策执行报告.pdf,"国际货币基金组织预测，2023 年
全球经济增速将从 2022 年的 3.5%降至 3%，远低于 2000 年至 2019
年 3.8%的平均水平。
高利率下通胀压力依然存在。今年以来主要发达经济体通胀压力
总体缓解，但仍普遍高于目标水平，主要发达经济体央行或在较长时
间维持高利率环境。当前，美欧劳动力市场依然紧张，工资增速较快，
剔除房租的服务通胀仍然坚挺，“工资-通胀”螺旋上升压力仍存。同",,"['3%', '经济体', '增速', '压力', '3.5%', '通胀', '高利率', '2023', '工资', '2022']"
,金融网络安全知识手册.pdf...,中国货币政策执行报告.pdf,"36
时，受到主要产油国延长石油减产措施、中东地区局势紧张等因素影
响，能源价格可能再度出现波动。
全球债务水平处于历史高位。国际货币基金组织数据显示，2022
年全球债务总额高达 235 万亿美元，占全球 GDP 的 238%，比 2019
年高 9 个百分点。随着利率飙升，政府偿债支出大幅增加，许多发展
中国家偿债支出已超过教育卫生等社会民生支出，部分发展中国家出
现主权债务违约。
全球金融潜在风险逐步累积。美欧等发达经济体金融体系在高利
率状态下面临压力",,"['全球', '238%', '支出', '2019', '2022', '36', '235', 'GDP', '偿债', '债务']"
,金融网络安全知识手册.pdf...,中国货币政策执行报告.pdf,"今年 3 月以来，一些中小银行相继倒闭，前期货
币宽松时期积累的风险隐患还可能逐步暴露。在主要发达经济体利率
保持高位的背景下，部分新兴市场经济体已暂缓加息或开启降息，本
外币利差扩大或导致这些经济体资本外流和货币贬值压力加大。部分
国家财政风险上升，也可能向金融风险转化",,"['外币', '经济体', '外流', '中小银行', '货币贬值', '降息', '体已', '风险', '金融风险', '部分']"
,金融网络安全知识手册.pdf...,中国货币政策执行报告.pdf,"
二、中国宏观经济形势
前三季度，面对复杂严峻的国际环境和艰巨繁重的国内改革发展
稳定任务，各地区各部门坚决贯彻落实党中央、国务院决策部署，着
力扩大内需、提振信心、防范风险，国民经济持续恢复向好，生产供
给稳步增加，市场需求持续扩大，就业物价总体改善，发展质量稳步
提升，积极因素累积增多。初步核算，前三季度国内生产总值913027
亿元，按不变价格计算，同比增长5.2%。其中第三季度同比增长4.9%，
环比增长1.3%",,"['4.9%', '增长', '同比', '提振', '5.2%', '不变价格', '1.3%', '三季度', '稳步', '913027']"
,金融网络安全知识手册.pdf...,中国货币政策执行报告.pdf,"其中第三季度同比增长4.9%，
环比增长1.3%。
（一）消费增长较快，投资规模继续扩大，进出口总体平稳",,"['4.9%', '增长', '环比', '同比', '投资规模', '第三季度', '进出口', '平稳', '1.3%', '总体']"
,金融网络安全知识手册.pdf...,中国货币政策执行报告.pdf,"37
居民收入稳步增长，消费持续回稳向好。前三季度，全国居民人
均可支配收入 29398 元，同比名义增长 6.3%，扣除价格因素实际增
长 5.9%，比上半年加快 0.1 个百分点。收入分配结构持续改善，农村
居民人均可支配收入名义增速和实际增速分别快于城镇居民 2.4 个、
2.6 个百分点。前三季度，社会消费品零售总额同比增长 6.8%，服装
鞋帽、粮油食品等基本生活类消费稳定增长；娱乐用品、首饰、化妆
品等升级类商品销售较快增长",,"['增长', '名义', '支配', '百分点', '增速', '37', '29398', '6.3%', '收入', '5.9%']"
,金融网络安全知识手册.pdf...,中国货币政策执行报告.pdf,"前三季度，服务零售额同比增长
18.9%。
投资规模继续扩大，高技术产业投资持续较快增长。前三季度，
全国固定资产投资（不含农户）375035 亿元，同比增长 3.1%。分领
域看，制造业投资增长 6.2%，高于全部投资 3.1 个百分点；基础设施
投资增长 6.2%；房地产开发投资下降 9.1%；高技术产业投资增长
11.4%，快于全部投资 8.3 个百分点，其中高技术制造业和高技术服
务业投资分别增长 11.3%、11.8%",,"['18.9%', '增长', '3.1%', '375035', '投资', '百分点', '高技术', '6.2%', '3.1', '制造业', '18']"
,金融网络安全知识手册.pdf...,中国货币政策执行报告.pdf,"高技术制造业中，航空、航天器及
设备制造业，医疗仪器设备及仪器仪表制造业投资分别增长 20.7%、
17.0%；高技术服务业中，科技成果转化服务业、专业技术服务业投
资分别增长 38.8%、29.6%。
货物进出口总体平稳，贸易结构持续优化。前三季度，货物进出
口总额 308021 亿元，同比下降 0.2%。其中，出口增长 0.6%，进口下
降 1.2%，贸易顺差 44029 亿元。贸易结构持续优化，民营企业进出
口增长6.1%，占进出口总额的比重为53.1%",,"['优化', '增长', '进出口', '总额', '高技术', '货物', '20.7%', '进出', '服务业', '制造业', '20']"
,金融网络安全知识手册.pdf...,中国货币政策执行报告.pdf,"机电产品出口增长3.3%，
占出口总额比重为 58.3%，比上年同期提高 1.5 个百分点。贸易伙伴",,"['1.5', '上年', '比重', '伙伴', '百分点', '58.3%', '机电产品', '出口', '3.3%', '同期', '58']"
,金融网络安全知识手册.pdf...,中国货币政策执行报告.pdf,"38
进出口持续增长，对共建“一带一路”国家进出口增长 3.1%，占比为
46.5%。
外商直接投资基本稳定，引资质量持续提升。前三季度，全国实
际使用外资金额 9200 亿元，同比下降 8.4%。制造业实际使用外资增
长 2.4%，高技术制造业实际使用外资增长 12.8%，其中电子及通讯设
备制造业、医疗仪器设备及仪器仪表制造业分别增长 21.5%、37.1%；
高技术服务业中，研发与设计服务领域实际使用外资增长 10.2%",,"['38', '增长', '3.1%', '使用', '实际', '进出口', '高技术', '制造业', '46.5%', '外资', '46']"
,金融网络安全知识手册.pdf...,中国货币政策执行报告.pdf,"
（二）农业生产形势总体良好，工业生产恢复加快，服务业持续
较快恢复
前三季度，第一产业增加值56374亿元，同比增长4.0%；第二产
业增加值353659亿元，增长4.4%；第三产业增加值502993亿元，增长
6.0%。
农业生产形势总体良好，畜牧业平稳增长。前三季度，农业（种
植业）增加值同比增长3.6%。秋粮播种面积稳中有增，长势总体正常，
全国粮食有望再获丰收。前三季度，猪牛羊禽肉产量同比增长3.9%，
其中猪肉产量增长3.6%",,"['增长', '增加值', '同比', '产量', '农业', '三季度', '3.6%', '亿元', '总体', '56374']"
,金融网络安全知识手册.pdf...,中国货币政策执行报告.pdf,"三季度末，生猪存栏同比下降0.4%，生猪出
栏同比增长3.3%。
工业生产恢复加快，制造业保持较快增长。前三季度，全国规模
以上工业增加值同比增长4.0%，比上半年加快0.2个百分点。从三大门
类看，采矿业增加值同比增长1.7%，制造业增长4.4%，电力、热力、
燃气及水生产和供应业增长3.5%。分产品看，太阳能电池、充电桩、
新能源汽车产量同比分别增长63.2%、34.2%和26.7%。企业利润快速",,"['4.0%', '生猪', '增长', '增加值', '同比', '0.2', '制造业', '3.3%', '1.7%', '0.4%']"
,金融网络安全知识手册.pdf...,中国货币政策执行报告.pdf,"39
恢复，8月规上工业企业利润同比增长17.2%，为去年下半年来首次正
增长，9月继续正增长11.9%。
服务业持续较快恢复，接触型聚集型服务业和现代服务业带动作
用增强。前三季度，服务业增加值同比增长6.0%。其中，住宿和餐饮
业，信息传输、软件和信息技术服务业，金融业增加值同比分别增长
14.4%、12.1%、7.0%。9月，服务业生产指数同比增长6.9%，比上月
加快0.1个百分点，增速连续2个月回升",,"['39', '6.0%', '增长', '11', '增加值', '同比', '14.4%', '规上', '11.9%', '服务业', '17', '14', '17.2%']"
,金融网络安全知识手册.pdf...,中国货币政策执行报告.pdf,"其中，住宿餐饮业，信息传
输、软件和信息技术服务业，交通运输、仓储和邮政业生产指数分别
增长17.7%、11.3%、9.3%。9月，服务业商务活动指数为50.9%，比上
月上升0.4个百分点。1-8月，规模以上服务业企业营业收入同比增长
7.2%。
（三）居民消费价格温和上涨，生产价格降幅连续收窄
居民消费价格温和上涨。前三季度，居民消费价格指数（CPI）
累计同比上涨 0.4%，涨幅比上半年回落 0.3 个百分点，7 至 9 月 CPI
同比涨幅分别为-0.3%、0.1%和 0.0%",,"['上涨', '居民消费', '11', '同比', '温和', '百分点', '11.3%', 'CPI', '服务业', '17', '价格', '17.7%']"
,金融网络安全知识手册.pdf...,中国货币政策执行报告.pdf,"受供给充足和上年基数较高的
影响，猪肉、鲜菜价格降幅扩大，带动食品价格由涨转跌，由二季度
上涨 1.2%转为三季度下跌 2.2%；服务价格继续上涨，工业消费品价
格降幅不断收窄，推动非食品价格涨幅回升，由二季度下降 0.2%转
为三季度上涨 0.4%。不包括食品和能源的核心 CPI 同比上涨 0.7%，
涨幅与上半年大致持平。
生产价格降幅有所收窄。由于石油等能源价格有所回升及基数效
应逐步减弱，下游相关行业产品价格降幅收窄。前三季度，工业生产",,"['上涨', '基数', '收窄', '二季度', '食品', '降幅', '三季度', '由涨', '价格', '转跌']"
,金融网络安全知识手册.pdf...,中国货币政策执行报告.pdf,"40
者出厂价格（PPI）同比下降 3.1%，降幅与上半年大致持平，7 至 9
月降幅分别为 4.4%、3.0%、2.5%；工业生产者购进价格（PPIRM）
同比下降 3.6%，降幅比上半年扩大 0.6 个百分点；人民银行监测的企
业商品价格（CGPI）同比下降 2.2%，较上半年持平，比上年同期低
6.9 个百分点。
（四）财政收入平稳增长，财政支出保持稳定
前三季度，全国一般公共预算收入16.7万亿元，同比增长8.9%。
其中，中央和地方本级财政收入分别增长8.5%、9.1%。全国税收收入
13.9万亿元，增长11.9%",,"['下降', '上半年', '增长', '同比', '持平', '百分点', '降幅', '40', '财政收入', '万亿元']"
,金融网络安全知识手册.pdf...,中国货币政策执行报告.pdf,"全国税收收入
13.9万亿元，增长11.9%。其中，国内增值税增长60.3%，主要是去年
同期留抵退税较多、基数较低。
前三季度，全国一般公共预算支出19.8万亿元，同比增长3.9%。
其中，中央一般公共预算本级支出和地方一般公共预算支出分别增长
6.6%和3.5%。从支出结构看，住房保障支出、社会保障和就业支出、
教育支出增长较快，同比分别增长6.8%、8.2%和4.3%。
（五）就业形势总体平稳
城镇调查失业率持续回落",,"['13', '增长', '支出', '11', '11.9%', '13.9', '就业', '公共', '预算', '60', '60.3%', '留抵', '万亿元']"
,金融网络安全知识手册.pdf...,中国货币政策执行报告.pdf,"前三季度，全国城镇调查失业率均值
为 5.3%，比去年同期回落 0.3 个百分点，且逐月好转。9 月全国城镇
调查失业率为 5.0%，比 8 月下降 0.2 个百分点，连续 2 个月下降，为
今年以来单月最低值。农民工就业形势持续改善，前三季度城镇外来
农业户籍劳动力失业率均值为 5.1%，较去年同期回落 0.5 个百分点。
（六）国际收支及外债",,"['5.0%', '去年同期', '0.3', '百分点', '均值', '0.2', '5.3%', '失业率', '回落', '城镇']"
,金融网络安全知识手册.pdf...,中国货币政策执行报告.pdf,"41
初步统计，2023 年前三季度，我国经常账户顺差 2089 亿美元，
与同期 GDP 之比为 1.6%，继续处于合理均衡区间。其中，国际收支
口径的货物贸易顺差 4542 亿美元，为历史同期较高水平；服务贸易
逆差 1682 亿美元，稳步向常态水平回归。国际收支继续呈现经常账
户顺差、非储备性质金融账户逆差的自主平衡格局。截至 2023 年 9
月末，外汇储备余额 31151 亿美元，保持基本稳定。外债方面，截至
2023 年 6 月末，我国全口径（含本外币）外债余额 24338 亿美元",,"['2023', '月末', '逆差', '口径', '外债', '余额', '国际收支', '亿美元', '账户', '顺差']"
,金融网络安全知识手册.pdf...,中国货币政策执行报告.pdf,"其
中，短期外债余额为 13730 亿美元，占外债余额的 56%。
（七）行业分析
1. 房地产行业
重点城市房地产销售有所走稳。2023 年 9 月，70 个大中城市新
建商品住宅和二手住宅价格同比分别下降 0.6%和 3.2%，三季度走势
有企稳迹象。前三季度，全国商品房销售面积同比下降 7.5%，销售额
同比下降 4.6%；房地产开发投资同比下降 9.1%，其中，住宅开发投
资同比下降 8.4%",,"['下降', '住宅', '同比', '56%', '房地产', '外债', '余额', '70', '2023', '13730']"
,金融网络安全知识手册.pdf...,中国货币政策执行报告.pdf,"
表 14 2023 年 1-9 月全国房屋新开工、施工、竣工面积情况
数量
（亿平方米）
同比增速
（%）
增速较上半年变动
（百分点）
房屋新开工面积 7.2 -23.4 0.9
房屋施工面积 81.6 -7.1 -0.5
房屋竣工面积 4.9 19.8 0.8
数据来源：国家统计局。
住房消费信贷成本下行。截至9月末，存量首套房贷利率完成下
调，平均降幅约0.73个百分点，新发放个人住房贷款加权平均利率同",,"['7.2', '施工', '百分点', '面积', '增速', '房屋', '竣工', '14', '2023', '新开工']"
,金融网络安全知识手册.pdf...,中国货币政策执行报告.pdf,"42
比下降0.32个百分点，更好满足刚性和改善性住房需求。全国主要金
融机构（含外资）房地产贷款余额53.2万亿元，同比下降0.2%。其中，
个人住房贷款余额38.4万亿元，同比下降1.2%；住房开发贷款余额9.8
万亿元，同比增长2.2%。
2. 旅游业
旅游业对经济平稳健康发展有显著的综合带动作用。今年以来，
随着疫情平稳转段，旅游业加速复苏。一是旅游出行需求增加，旅游
人数和收入加快恢复",,"['下降', '同比', '42', '32', '0.32', '旅游', '平稳', '旅游业', '余额', '住房', '万亿元']"
,金融网络安全知识手册.pdf...,中国货币政策执行报告.pdf,"前三季度国内旅游人数 36.7 亿人次，同比增
长 75.5%；国内旅游收入 3.7 万亿元，同比增长 114.4%。暑期国内旅
游人数 18.4 亿人次，旅游收入 1.2 万亿元，热度明显高于 2019 年同
期。中秋国庆假期国内旅游人数、旅游收入已恢复至疫情前水平，按
可比口径较 2019 年同期分别增长 4.1%、1.5%。二是旅游服务供给质
量提高，文旅融合产品成为消费新热点。演唱会、音乐节等各类文娱
活动有力拉动旅游消费，前三季度全国营业性演出票房收入 315.4 亿
元，明显超出 2019 年全年",,"['2019', '国内', '75', '36.7', '人数', '3.7', '36', '旅游', '收入', '75.5%', '万亿元', '亿人次']"
,金融网络安全知识手册.pdf...,中国货币政策执行报告.pdf,"中秋、国庆假期票房收入较 2019 年同期
增长 82.6%。“研学游”“亲子游”“夜游”等旅游新业态成为拉动
旅游消费的新引擎。三是对相关服务业的综合带动作用显著提升。在
旅游出行需求增加的带动下，住宿、餐饮、交通等相关服务业保持较
快增长。前三季度服务业增加值同比增长 6%，其中住宿和餐饮业、
交通运输仓储和邮政业同比增长 14.4%、7.5%。
下一步，要按照《“十四五”旅游业发展规划》《关于释放旅游
消费潜力 推动旅游业高质量发展的若干措施》等要求，着力开发打",,"['研学游', '增长', '2019', '住宿', '带动', '82.6%', '旅游', '服务业', '旅游业', '82', '6%']"
,金融网络安全知识手册.pdf...,中国货币政策执行报告.pdf,"43
造优质旅游产品，全面提升行业管理水平，进一步推动旅游业高质量
发展。一是激发旅游消费需求。完善节假日制度，推动各地区制定落
实带薪年休假制度，完善消费惠民政策，提升旅游交通服务，促进区
域合作联动，更好满足人民群众多层次、多样化需求。二是加大优质
旅游产品和服务供给。推进文化和旅游深度融合发展，发展生态游、
冰雪游、海洋游等产品，优化旅游基础设施投入，盘活闲置旅游项目，
完善旅游产品供给体系，形成多产业融合发展新局面",,"['完善', '供给', '带薪', '优质', '融合', '年休假', '旅游', '发展', '43', '产品']"
,金融网络安全知识手册.pdf...,中国货币政策执行报告.pdf,"三是建立现代
旅游治理体系。加强旅游信用体系建设，健全旅游市场综合监管机制，
提升旅游市场监管执法水平，倡导文明旅游。
第五部分 货币政策趋势
一、中国宏观经济金融展望
中国经济保持平稳发展的有利因素较多。下半年以来，随着宏观
政策“组合拳”成效不断显现，我国经济回升向好态势持续巩固，各
方面积极因素逐渐增多，三季度 GDP 增速也好于市场预期。展望未
来，经济内生动力还将不断增强，一是消费潜能继续释放",,"['经济', '执法水平', '组合拳', '旅游', '积极因素', '体系', 'GDP', '展望', '不断', '潜能']"
,金融网络安全知识手册.pdf...,中国货币政策执行报告.pdf,"居民收入
增速已连续 2 个季度高于名义经济增速，个人所得税扣除标准提高、
存量房贷利率下调等政策持续显效，还将继续支持扩大居民收入，提
升消费能力。二是投资新动能促进稳总量、优结构。制造业投资增速
已连续 2 个月加快，其中民间制造业投资增速保持在 9%的高位，“平
急两用”公共基础设施、城中村改造和保障性住房“三大工程”建设等
也有利于稳住房地产投资。三是出口仍具有较强竞争力。在全球贸易",,"['投资', '增速', '城中村', '两用', '三大', '连续', '居民收入', '制造业', '显效', '9%']"
,金融网络安全知识手册.pdf...,中国货币政策执行报告.pdf,"44
增长放缓背景下，上半年我国出口份额为 14.2%，较去年同期高 0.4
个百分点。总体看，财政、货币、产业、就业等政策持续发力，协同
合力进一步显现，经济金融良性循环进一步畅通，我国经济将继续向
常态化运行轨道回归，预计全年 5%左右的增长目标能够顺利实现。
经济平稳运行也面临一些内外部挑战。从国际看，地缘政治冲突
加剧，世界经济增长的不确定性上升，发达经济体利率持续高位，外
溢风险仍可能通过汇率、资本流动、外债等渠道冲击新兴市场经济体",,"['经济', '顺利实现', '发力', '增长', '14.2%', '运行', '14', '44', '0.4', '5%', '持续']"
,金融网络安全知识手册.pdf...,中国货币政策执行报告.pdf,"
从国内看，以债务拉动经济增长的效能降低，房地产供求关系发生重
大变化，推动经济加快转型的紧迫性上升。也要看到，从经济发展大
趋势看，我国发展的基本面没有变。从发展阶段、发展条件、发展优
势等方面综合考量，我国发展前景仍长期看好，要保持定力、稳中求
进，坚定不移深化改革、扩大开放，更加注重有力有效实施宏观政策
调控，扎实推动经济高质量发展，同时保持合理的经济增速。
物价短期还将维持低位，未来将回归常态水平",,"['经济', '定力', '坚定不移', '推动', '我国', '扩大开放', '保持', '发展', '稳中求', '紧迫性']"
,金融网络安全知识手册.pdf...,中国货币政策执行报告.pdf,"
物价短期还将维持低位，未来将回归常态水平。近期我国 CPI 同
比在 0 附近运行，主要是受去年同期猪肉价格较快上涨的基数影响，
核心 CPI 同比保持基本稳定，服务 CPI 较上半年还有所加快，与经济
恢复向好的走势基本一致，PPI 降幅也总体趋于收敛。随着各项政策
加快落地见效、内需持续改善，物价上行动能将进一步积蓄。中长期
看，我国经济供需总体平衡，货币政策保持稳健，居民通胀预期平稳，
不存在长期通缩或通胀的基础",,"['见效', '我国', '保持', 'CPI', '各项政策', '通胀', '物价', '加快', '总体', 'PPI']"
,金融网络安全知识手册.pdf...,中国货币政策执行报告.pdf,"
二、下一阶段货币政策主要思路
中国人民银行将坚持和加强党的全面领导，以习近平新时代中国",,"['下一阶段', '时代', '领导', '习近平', '货币政策', '中国人民银行', '思路', '坚持', '加强', '全面']"
,金融网络安全知识手册.pdf...,中国货币政策执行报告.pdf,"45
特色社会主义思想为指导，全面贯彻党的二十大精神，坚决落实中央
金融工作会议要求，完整、准确、全面贯彻新发展理念，深刻把握金
融工作的政治性、人民性，以推进金融高质量发展为主题，以深化金
融供给侧结构性改革为主线，坚持稳中求进工作总基调，完善金融宏
观调控，加快建设金融强国，坚定不移走中国特色金融发展之路",,"['贯彻', '稳中求进', '特色', '工作', '金融', '发展', '人民性', '二十大', '全面', '45']"
,金融网络安全知识手册.pdf...,中国货币政策执行报告.pdf,"坚
持把金融服务实体经济作为根本宗旨，建设现代中央银行制度，始终
保持货币政策的稳健性，加强优质金融服务，更好支持扩大内需，促
进稳外资稳外贸，为经济社会发展提供高质量服务。
稳健的货币政策要精准有力，更加注重做好跨周期和逆周期调节，
充实货币政策工具箱，着力营造良好的货币金融环境。准确把握货币
信贷供需规律和新特点，加强货币供应总量和结构双重调节",,"['稳健性', '周期', '金融服务', '货币政策', '调节', '货币', '根本宗旨', '工具箱', '加强', '进稳']"
,金融网络安全知识手册.pdf...,中国货币政策执行报告.pdf,"综合运
用多种货币政策工具，保持流动性合理充裕，保持货币供应量和社会
融资规模增速同名义经济增速基本匹配。进一步疏通货币政策传导机
制，增强金融支持实体经济的稳定性，促进经济金融良性循环，保持
物价水平合理稳定。持续深化利率市场化改革，释放贷款市场报价利
率改革红利，有效发挥存款利率市场化调整机制作用，维护好存贷款
市场秩序，进一步推动金融机构降低实际贷款利率",,"['经济', '合理', '利率', '保持', '增速', '市场化', '货币政策', '改革', '调整机制', '贷款']"
,金融网络安全知识手册.pdf...,中国货币政策执行报告.pdf,"结构性货币政策
工具“聚焦重点、合理适度、有进有退”，落实好调增的再贷款再贴
现额度，实施好存续工具，优化资金供给结构，把更多金融资源用于
促进科技创新、先进制造、绿色发展和中小微企业，做好科技金融、
绿色金融、普惠金融、养老金融、数字金融五篇大文章，加快培育新
动能新优势。落实好房地产“金融 16 条”，加大对城中村改造、“平",,"['工具', '科技', '普惠', '五篇', '金融', '16', '调增', '绿色', '落实', '进有']"
,金融网络安全知识手册.pdf...,中国货币政策执行报告.pdf,"46
急两用”公共基础设施建设、保障性住房建设等金融支持力度。坚持
以市场供求为基础、参考一篮子货币进行调节、有管理的浮动汇率制
度，立足长远、发轫当前，坚决对市场顺周期行为进行纠偏，坚决对
扰乱市场秩序行为进行处置，坚决防范汇率超调风险，防止形成单边
一致性预期并自我强化，保持人民币汇率在合理均衡水平上的基本稳
定。切实防范化解重点领域金融风险，指导金融机构积极稳妥支持地
方债务风险化解，守住不发生系统性金融风险的底线",,"['化解', '超调', '坚决', '纠偏', '进行', '浮动汇率制', '防范', '金融风险', '汇率', '46']"
,金融网络安全知识手册.pdf...,中国货币政策执行报告.pdf,"
一是保持货币信贷总量适度、节奏平稳。综合运用多种货币政策
工具，保持流动性合理充裕。支持金融机构按照市场化、法治化原则
满足实体经济有效融资需求，着力加强贷款均衡投放，统筹衔接好年
末年初信贷工作，适度平滑信贷波动，增强信贷总量增长的稳定性和
可持续性，保持货币供应量和社会融资规模增速与名义经济增速基本
匹配。要从更长时间的跨周期视角去观察，更为合理把握对“基本匹
配”的理解和认识",,"['合理', '信贷', '保持', '增速', '法治化', '总量', '货币', '适度', '融资', '视角']"
,金融网络安全知识手册.pdf...,中国货币政策执行报告.pdf,"着力提升货币信贷支持实体经济恢复发展的质量
和效率，更多关注存量贷款的持续效用，盘活被低效占用的金融资源，
提高资金使用效率，盘活存量贷款、提升存量贷款使用效率、优化新
增贷款投向对支撑经济增长同等重要。持续加强对银行体系流动性供
求和金融市场变化的分析监测，密切关注主要央行货币政策变化，灵
活有力开展公开市场操作，保持银行体系流动性和货币市场利率平稳
运行。
二是充分发挥货币信贷政策导向作用",,"['盘活', '低效', '流动性', '货币', '体系', '提升', '贷款', '效率', '持续', '存量']"
,金融网络安全知识手册.pdf...,中国货币政策执行报告.pdf,"
二是充分发挥货币信贷政策导向作用。结构性货币政策聚焦重点、
合理适度、有进有退，保持再贷款、再贴现政策稳定性，实施好存续",,"['结构性', '导向', '存续', '再贴现', '稳定性', '适度', '聚焦', '充分发挥', '信贷政策', '进有']"
,金融网络安全知识手册.pdf...,中国货币政策执行报告.pdf,"47
的结构性货币政策工具，继续加大对普惠小微、制造业、绿色发展、
科技创新、基础设施建设等重点领域和薄弱环节的支持。抓好《关于
强化金融支持举措 助力民营经济发展壮大的通知》落实，扎实开展
小微企业信贷政策导向效果评估，提高民营和小微企业融资可得性和
便利性。指导金融机构持续落实《关于金融支持全面推进乡村振兴 加
快建设农业强国的指导意见》，更好满足涉农领域多样化融资需求",,"['小微', '支持', '领域', '47', '普惠小微', '可得性', '指导', '民营', '落实', '融资']"
,金融网络安全知识手册.pdf...,中国货币政策执行报告.pdf,"
完善房地产金融宏观审慎管理，一视同仁满足不同所有制房地产企业
合理融资需求，对正常经营的房地产企业不惜贷、抽贷、断贷。继续
用好“第二支箭”支持民营房地产企业发债融资。支持房地产企业通过
资本市场合理股权融资。因城施策用好政策工具箱，更好支持刚性和
改善性住房需求，加快保障性住房等“三大工程”建设，构建房地产
发展新模式。
三是把握好利率、汇率内外均衡",,"['抽贷', '支持', '房地产', '企业', '断贷', '因城', '三大', '施策', '住房', '融资']"
,金融网络安全知识手册.pdf...,中国货币政策执行报告.pdf,"
三是把握好利率、汇率内外均衡。深入推进利率市场化改革，健
全市场化利率形成和传导机制，完善央行政策利率体系，提升市场基
准利率的公信力。持续发挥好贷款市场报价利率（LPR）改革效能，
增强 LPR 对实际贷款利率的指导性，推动实体经济融资成本稳中有
降，规范贷款利率定价秩序，统筹好增量、存量及其他金融产品价格
关系。发挥好存款利率市场化调整机制的重要作用，稳定银行负债成
本，增强金融支持实体经济的可持续性",,"['实体', '稳中有', '利率', 'LPR', '增强', '市场化', '发挥', '改革', '调整机制', '贷款']"
,金融网络安全知识手册.pdf...,中国货币政策执行报告.pdf,"稳步深化汇率市场化改革，
完善以市场供求为基础、参考一篮子货币进行调节、有管理的浮动汇
率制度，坚持市场在汇率形成中起决定性作用，发挥汇率调节宏观经
济和国际收支自动稳定器功能。加强预期管理，立足长远、发轫当前，",,"['篮子', '浮动', '中起', '管理', '立足', '调节', '供求', '稳定器', '汇率', '国际收支']"
,金融网络安全知识手册.pdf...,中国货币政策执行报告.pdf,"48
做好跨境资金流动的监测分析和风险防范。坚持底线思维，坚决对市
场顺周期行为进行纠偏，坚决对扰乱市场秩序行为进行处置，坚决防
范汇率超调风险，防止形成单边一致性预期并自我强化，保持人民币
汇率在合理均衡水平上的基本稳定。加强外汇市场管理，引导企业和
金融机构树立“风险中性”理念，指导金融机构基于实需原则和风险
中性原则积极为中小微企业提供汇率避险服务，维护外汇市场平稳健
康发展。
四是不断深化金融改革和对外开放",,"['对市', '坚决', '场顺', '实需', '风险', '汇率', '外汇市场', '金融机构', '48', '中性']"
,金融网络安全知识手册.pdf...,中国货币政策执行报告.pdf,"
四是不断深化金融改革和对外开放。完善债券市场法制体系，夯
实公司信用类债券的法制基础。继续发挥民营企业债券融资支持工具
（“第二支箭”）撬动引领作用，强化债券市场支持实体经济。建立做
市商与公开市场业务一级交易商联动机制，推动债券承销做市一体化，
增强一二级市场联动，提升债券定价的有效性和传导功能。加快柜台
债券市场建设，引导市场适当分层，促进银行间债券市场运行效率提
升和基础设施服务多元化",,"['四是', '做市', '支持', '法制', '债券市场', '撬动', '第二支', '债券', '市商', '联动机制']"
,金融网络安全知识手册.pdf...,中国货币政策执行报告.pdf,"坚持市场化、法治化原则，继续贯彻“零
容忍”理念，加大对债券市场违法违规行为查处力度。坚定不移推动
债券市场对外开放。有序推进人民币国际化，进一步扩大人民币在跨
境贸易和投资中的使用，深化对外货币金融合作，发展离岸人民币市
场。稳步推进人民币资本项目可兑换和金融市场制度型开放。
五是积极稳妥防范化解金融风险。进一步完善宏观审慎政策框架，
提高系统性风险监测、评估与预警能力，丰富宏观审慎政策工具箱，
稳步扩大宏观审慎政策覆盖面",,"['宏观', '人民币', '审慎', '法治化', '推进', '工具箱', '债券市场', '五是', '稳步', '政策']"
,金融网络安全知识手册.pdf...,中国货币政策执行报告.pdf,"完善系统重要性金融机构监管，推动
系统重要性银行按时满足附加监管要求，推进系统重要性保险公司评",,"['监管', '附加', '完善', '系统', '推动', '满足', '推进', '重要性', '金融机构', '保险公司']"
,金融网络安全知识手册.pdf...,中国货币政策执行报告.pdf,"49
估办法相关工作，加快推动我国全球系统重要性银行建立健全总损失
吸收能力，切实提高风险抵御能力。平稳有序推动重点区域、重点机
构和重点领域风险处置和改革化险。完善金融风险监测、评估与防控
体系，强化风险早期纠正。统筹协调好金融支持地方融资平台债务风
险化解，压实地方政府主体责任，配合地方政府稳妥化解存量、严格
控制增量。健全金融稳定保障体系，推动金融稳定法尽快出台。充分
发挥存款保险风险处置功能，健全市场化、法治化、常态化处置机制。",,"['处置', '化解', '地方', '推动', '重点', '健全', '法治化', '金融', '风险', '49']"
